  0, 0.001831807, 0.007714717, 0.006673602, 0.009784094, 0.008903965, 0.009643639, 0.009835983
  1, 0.009694723, 0.003064992, 0.004662694, 0.004617078, 0.009500526, 0.003849387,    5.75E-04
  2, 0.009117846, 0.006684989,    2.90E-05, 0.006380288, 0.003318515, 0.005388567, 0.005068049
  3, 0.004586888,   0.0068808, 0.003721383,  0.00486887, 0.007415922, 0.005718345,  0.00834398
  4, 0.004837952, 0.002743043,  0.00458542, 0.007728765, 0.001008437, 0.009649899, 0.001420277
  5, 0.001579261, 0.001721623, 0.004056414, 0.006728378, 0.001511227, 0.002200683, 0.002062222
  6, 0.007902049, 0.007289183, 0.004242234, 0.002346465,  0.00404691, 0.003663784, 0.007206471
  7, 0.009258327, 0.001621819, 0.005169985, 0.004504181, 0.005076385, 0.004997822,    1.23E-04
  8, 0.001859005, 0.003323084, 0.008902992,    4.87E-04, 0.009765925,  0.00499132, 0.001643842
  9, 0.001300952, 0.002771992, 0.006073338, 0.008980302,  0.00188953,  0.00247293, 0.007877825
 10, 0.008580141, 0.001250514, 0.009449298, 0.001279337, 0.004089964, 0.001657867, 0.001758485
 11, 0.002264831, 0.006033818, 0.007802843, 0.004053895, 0.008925336, 0.003986705, 0.003595101
 12, 0.001920236, 0.009386469,    7.69E-04, 0.005126806,    5.94E-04, 0.006079704, 0.004770485
 13, 0.006241698, 0.005880246, 0.004227035,    9.32E-04, 0.002653003, 0.007783739, 0.001444832
 14,  0.00440573, 0.001618576, 0.004136378,    9.68E-04, 0.003462831, 0.006808584, 0.002337535
 15, 0.003157172, 0.009815869, 0.002190488, 0.002212827, 0.008660362,  0.00522049, 0.004508055
 16,  0.00195374, 0.001907709, 0.002936021, 0.001245568, 0.002117615,  0.00543367, 0.001434612
 17,  0.00984537,  0.00974761, 0.003953174, 0.005606599, 0.004386309, 0.005814852, 0.002077014
 18, 0.007634043, 0.007932631,  0.00439007, 0.001088323, 0.005690694, 0.002327306, 0.001219575
 19, 0.008297308, 0.003675494, 0.002330711, 0.002710524, 0.007149585, 0.009298009, 0.007695088
 20, 0.003722995, 0.007484169, 0.001008071, 0.005017104, 0.004021477, 0.003120395, 0.006498179
 21, 0.001025319,  0.00875594,  0.00829871, 0.006806086,    3.36E-04, 0.007922763, 0.005408526
 22,    4.06E-04,  0.00365271, 0.003398326, 0.003906986, 0.001102975, 0.006878137, 0.009843208
 23, 0.004365727, 0.002023372, 0.007688942, 0.007542457, 0.002178408, 0.005559116, 0.003729026
 24, 0.001077523, 0.002619987, 0.005714778, 0.005783916, 0.007617975, 0.002669429, 0.004996382
 25,    4.20E-05, 0.002576256, 0.005290729, 0.002709106, 0.005865633, 0.008386258, 0.008712832
 26, 0.005332223, 0.009370551, 0.004246606, 0.006657257, 0.002500623, 0.008554034,    8.12E-04
 27, 0.005432905, 0.004046099, 0.002710979,  0.00402191,    3.51E-04, 0.004537928, 0.007444095
 28, 0.006520488, 0.007006851, 0.001811072, 0.006700086, 0.003457626,  0.00264017, 0.005081678
 29, 0.004953505, 0.001846205, 0.008992708, 0.006423376, 0.005911891, 0.009111617,    8.82E-04
 30, 0.006614195, 0.008930221, 0.006984248, 0.004044126, 0.002662767,    7.00E-04, 0.001466538
 31, 0.001706161, 0.009683772, 0.007715235, 0.008248682, 0.001832282, 0.004216479, 0.004528358
 32, 0.005652167, 0.006002752, 0.009566475, 0.003855843, 0.003947859, 0.006495276, 0.006299586
 33,  0.00724246,    7.25E-04,    2.89E-04, 0.002628267,  0.00916475, 0.006883781, 0.007435293
 34,    1.05E-04, 0.003215175, 0.006766182, 0.006518579, 0.009770264, 0.006320301, 0.008983419
 35,  0.00178386,  0.00271303, 0.005823628, 0.001545848, 0.004906158, 0.006839928,  0.00470317
 36, 0.006069805, 0.009355512, 0.008601985, 0.002195792, 0.001027915, 0.006840511, 0.004391019
 37,    6.65E-04, 0.003280697, 0.003410163, 0.001378177, 0.004674308,    4.57E-04,  0.00745193
 38, 0.001675114,  0.00492299, 0.004142657, 0.003044516, 0.006872586, 0.007942542,  0.00529437
 39, 0.009907146, 0.002247501, 0.002279676, 0.008808317, 0.005532806, 0.001228352, 0.003258182
 40, 0.003759417, 0.006001116, 0.001070273, 0.001356677, 0.009464685, 0.009437199,    1.15E-04
 41, 0.003739696, 0.005231729,    1.16E-04, 0.005495423, 0.004544256, 0.003420268, 0.001808159
 42, 0.007700115,  0.00715095, 0.001274775, 0.006118454, 0.005010753,    8.58E-04, 0.006878851
 43, 0.005295089, 0.006516437, 0.005129321,  0.00853709, 0.009263121, 0.007131423, 0.006899814
 44, 0.004907725, 0.003487569,  0.00184855,    3.03E-04, 0.005289419, 0.007676687, 0.009319929
 45, 0.003616652, 0.005608198,  0.00530749, 0.006780632, 0.005239958, 0.005855529,    4.89E-04
 46, 0.009317347, 0.009055126, 0.008996176, 0.001772407, 0.006532877, 0.009682454, 0.009694524
 47,  0.00218231, 0.008768636, 0.009804477, 0.003600647,    9.50E-04,  0.00322114, 0.004998107
 48, 0.004392453, 0.005233187,  0.00752483, 0.006324925, 0.006287869, 0.009426916, 0.004672371
 49, 0.007307138,  0.00432103, 0.005609128, 0.008504916, 0.009856126, 0.003319087, 0.001103399
 50, 0.003428644, 0.003222522, 0.009221288, 0.008198574, 0.005500213, 0.001101157, 0.003149568
 51, 0.006648879, 0.004572596, 0.004651209, 0.009469969, 0.001739622, 0.008804083, 0.003381309
 52, 0.003976797, 0.009423968, 0.003507097, 0.001601332, 0.007286466, 0.005319385, 0.006049753
 53, 0.005457039,  0.00154562,   0.0061981, 0.007321948, 0.004440712, 0.005638124, 0.001014134
 54, 0.008139095, 0.001710348, 0.005218165, 0.003480134, 0.005880429, 0.009551958, 0.009101728
 55, 0.009740463, 0.002645154, 0.009883943, 0.002816338, 0.002782695, 0.001258516, 0.004829503
 56, 0.003438975, 0.009887861, 0.009571239,  0.00907246, 0.007244726,    6.41E-04, 0.006669556
 57, 0.003963853, 0.003143743,    8.03E-04,  0.00684941, 0.003161083,    4.02E-04, 0.001703195
 58, 0.008507249,    9.58E-04, 0.008718981, 0.005695664, 0.005461133, 0.007406856, 0.002386518
 59, 0.005722431, 0.007639708, 0.008824049, 0.007941029, 0.001037926, 0.006562962, 0.008358018
 60,  0.00651033, 0.001754461, 0.008587443, 0.008897104, 0.007869162, 0.002024682, 0.005500028
 61, 0.009806646, 0.003118736, 0.005397595, 0.007718068,  0.00972552, 0.006858203, 0.006168073
 62,    9.02E-05, 0.009969963, 0.007733865, 0.007385417, 0.004090535, 0.006969033, 0.008331991
 63,  0.00959477, 0.003061445, 0.007595563, 0.001523711, 0.004355876, 0.009081725, 0.008258361
 64,    5.76E-04, 0.003116882, 0.001026048, 0.007185925,  0.00460654, 0.005116589, 0.003428205
 65, 0.009458837, 0.009303611, 0.007646741, 0.004873099, 0.006037493, 0.005198203, 0.008226682
 66, 0.002815938, 0.001283765, 0.002263777, 0.001025866, 0.008963454, 0.008289636,    1.10E-04
 67, 0.009215458, 0.005650806, 0.007702824,  0.00763135,    8.38E-04, 0.009009155, 0.003678826
 68, 0.004605989, 0.008258235,  0.00914271,    9.08E-05,    4.54E-04,    2.80E-04, 0.001020394
 69, 0.001193308,  0.00212432, 0.001629631, 0.002336093, 0.003562159, 0.003906563, 0.006648534
 70, 0.006202787,    3.24E-04, 0.006875788, 0.002754643, 0.007219681, 0.004436166, 0.004605108
 71, 0.004538052, 0.009187791, 0.005104196,  0.00482204, 0.001177811, 0.001548265,    2.79E-04
 72, 0.003752773, 0.008288349, 0.009479049, 0.008641534, 0.001044478,    2.71E-04, 0.009509325
 73, 0.006466328, 0.008360474,    7.78E-04, 0.008497502, 0.008323978, 0.004010581, 0.006998601
 74, 0.008867326, 0.005714741, 0.009309129, 0.008121214, 0.007108063, 0.004408686, 0.009745637
 75, 0.009565006, 0.005718471, 0.009523041, 0.005508256, 0.002340866, 0.001010666, 0.007180943
 76, 0.001417669, 0.001257098,    4.89E-04, 0.002972829, 0.005909187, 0.006589842, 0.003878519
 77,    3.81E-04, 0.002343391, 0.001309636, 0.001308122, 0.006831256, 0.003630718, 0.009988716
 78,    6.26E-04, 0.001094996, 0.002922996, 0.006109312, 0.003393499, 0.003402046, 0.008954985
 79, 0.001651431, 0.005691485, 0.008801537, 0.004511581,   0.0065593,   0.0055736, 0.005070013
 80,    4.51E-04, 0.005968861,  0.00371053, 0.008775469, 0.005735042, 0.009924398, 0.007588239
 81, 0.006984363, 0.005986444, 0.003720606, 0.002474529, 0.007537933, 0.009258232, 0.006977066
 82, 0.004294993,  0.00782611, 0.007877156, 0.006085361,    5.45E-04,    5.52E-04, 0.009513203
 83, 0.007764694, 0.005416033, 0.005104905, 0.008946079, 0.001120151, 0.004416157, 0.004856212
 84, 0.004395345, 0.001818384, 0.001957924, 0.003930596, 0.008735538, 0.004778745, 0.002598739
 85, 0.001836732, 0.006435234, 0.001123578, 0.002937215,    7.05E-04, 0.001639018, 0.001039577
 86,  0.00652056, 0.007824739, 0.001453995, 0.006672847, 0.008544624, 0.005678065, 0.001207463
 87, 0.008213471,    6.14E-04, 0.002723044, 0.005210008, 0.001921131, 0.008380636,    8.17E-04
 88, 0.007388336, 0.001001487, 0.006482675, 0.009352058, 0.001044746, 0.008963769, 0.005895323
 89,  0.00192877, 0.005955203,    3.73E-04, 0.008521505, 0.008712136, 0.004035584, 0.005757618
 90, 0.002665205, 0.006484856, 0.001885707, 0.005835755,    8.84E-04, 0.008857369, 0.009663371
 91, 0.005205568,  0.00863995,  0.00109355,    9.46E-04, 0.007163907, 0.008166297,  0.00757615
 92, 0.007502589, 0.009424781, 0.006991749, 0.005062919, 0.006237357, 0.005161528, 0.004706085
 93, 0.001573802, 0.002941899, 0.005018958, 0.004700149, 0.009001561, 0.008969149, 0.003524733
 94, 0.009861855, 0.007352607, 0.002442909,  0.00767494, 0.002505186, 0.009901817,  0.00520534
 95, 0.006377026, 0.009170914, 0.001484521,    3.45E-04, 0.006903969,    3.62E-04,  0.00665083
 96, 0.002852984, 0.008546751, 0.003759783,    4.72E-04, 0.007723698, 0.004247912, 0.007027002
 97, 0.002414784, 0.005644124, 0.008157167, 0.002892835, 0.002891627, 0.006311418,    7.71E-04
 98, 0.004916681, 0.002841616, 0.003371062,  0.00359946, 0.007041578, 0.009017673, 0.002986698
 99, 0.002155737, 0.003858053, 0.001527523,    1.32E-04, 0.009458995, 0.001357373, 0.005617884
100, 0.002841425,   3.2650783, 0.009877376, 0.006692581, 0.004848248, 0.008465136,   5.6860857
101, 0.006119817,   2.6057718, 0.008225224, 0.007651668,  0.00551078,    8.01E-04,    4.710194
102, 0.009717727,    3.729868, 0.008528624, 0.003630638, 0.007758581, 0.005039783,    5.510481
103,    4.81E-04,   3.4943547, 0.008480541,    9.52E-04,   0.0068983,  0.00235707,     5.02366
104, 0.008353127,   3.2573495, 0.003912024, 0.008562221,  0.00903779, 0.006881492,    5.128691
105, 0.009718468,   3.6237345, 0.001689073, 0.004443011, 0.005033062,    7.00E-04,   5.8312654
106, 0.006233113,    3.297844, 0.001285955, 0.007629797, 0.005100872,    0.003704,   4.7963533
107, 0.002996007,   3.4452968,  0.00972769, 0.004712426, 0.008994171, 0.005311855,    5.657446
108, 0.004614231,    3.898011, 0.008932322, 0.004769801,    3.00E-04, 0.005859006,    5.980755
109, 0.005845452,    3.527391, 0.003420793, 0.001534909, 0.003277728,  0.00139151,    6.035994
110, 0.006043601,   2.5687146,    3.87E-04, 0.006211337, 0.005655254, 0.005421386,   4.6313105
111, 0.003364044,   3.0635686, 0.007586901, 0.002710101, 0.008111592, 0.009656737,    4.646523
112, 0.008750239,      4.0599, 0.002957391, 0.006191383, 0.006769165,  0.00347035,   6.0847483
113, 0.003410138,   3.1175716, 0.008346297, 0.006735629, 0.004548722, 0.008230921,   5.0172896
114, 0.005653093,   3.5281775, 0.001052589, 0.007010999, 0.002711274, 0.009957446,   5.8684487
115,    8.29E-04,    2.982959, 0.004998783, 0.002066036, 0.006546056, 0.003210617,   5.8635936
116,    8.52E-04,   2.9628224, 0.008442293, 0.005158603,    8.14E-04, 0.008964552,   4.8810368
117,  0.00839987,   2.9645355, 0.006663864,    4.03E-04, 0.005341907, 0.001917381,   5.8651276
118, 0.008556992,   3.6632643, 0.009633034, 0.003824895, 0.007397145, 0.004296604,   5.9490595
119,    5.48E-04,   2.7411675, 0.009109283, 0.009137306, 0.002789883, 0.007526743,   4.7854204
120,  0.00256384,   2.6687067, 0.004396556, 0.001950171, 0.004514666, 0.006476754,   5.6038938
121, 0.009651962,   4.0904574,  0.00959242,    2.53E-04, 0.004237348, 0.007055704,    4.557704
122, 0.008222171,    3.486033, 0.001550355, 0.003918066, 0.001605273, 0.009786587,    4.959113
123, 0.006576631,   2.5153928, 0.001135735, 0.008159761, 0.004115634, 0.008341485,    4.153841
124,    8.41E-04,   2.9285212, 0.004156741, 0.009298321, 0.004987668, 0.006210483,   6.0044146
125,    4.94E-04,   3.7068148, 0.003204217, 0.001054372, 0.008920927,    3.95E-04,    5.659659
126, 0.002743625,   3.3728156,  0.00219104, 0.002522029, 0.009595499, 0.005409338,   5.5206084
127, 0.003656458,   2.8236904, 0.003220331, 0.001387794, 0.009710971, 0.005568137,   5.5382705
128,  0.00662462,   3.5979998, 0.004695303, 0.001141612, 0.006211936, 0.006291574,   4.5575547
129, 0.004151946,   3.4209855, 0.004429706, 0.003261886, 0.005844026,  0.00950691,    5.203628
130, 0.001991709,    3.646227, 0.008717924, 0.003199008, 0.004275518, 0.005714529,   4.2435455
131,    1.90E-04,   2.9728096, 0.006227028, 0.003454608, 0.001382438, 0.004518801,   5.9742074
132, 0.008671102,    4.022026, 0.009646853, 0.008232398, 0.008566879, 0.004401129,     4.19449
133, 0.008772222,    2.921673, 0.005793175, 0.009092893, 0.007531959, 0.005367756,   4.5497293
134, 0.001550198,   3.3349376, 0.007548578, 0.008346198, 0.006706739, 0.004578701,   5.3920326
135, 0.006939519,   3.7535338, 0.006627309, 0.007568599,  0.00756641,    7.11E-04,    5.264337
136, 0.001756002,   3.6203437, 0.007969233,    5.22E-04,    3.23E-04,    1.41E-04,   5.8729753
137, 0.006766462,    3.198094,  0.00384585, 0.002387487, 0.002991269, 0.003453385,    4.523472
138, 0.004669221,   3.2040346, 0.007449414, 0.005646666, 0.003370217, 0.009517497,    4.533266
139, 0.004078249,   4.0548663, 0.005747223, 0.004491631, 0.001043632, 0.004728707,     5.62846
140,  0.00584475, 0.007201675, 0.003330647, 0.004496696, 0.006774951, 0.006864966, 0.007570859
141, 0.003020099, 0.006261873,    6.09E-04, 0.009906828, 0.008043007, 0.007533702, 0.002623178
142, 0.003818472, 0.003124511,  0.00183778, 0.003744155, 0.005151063, 0.005780445, 0.005899299
143, 0.003266268, 0.008174831,    7.13E-04, 0.007012501, 0.001349463, 0.001150392, 0.006035931
144, 0.008663834, 0.009124378, 0.005925431, 0.002833605, 0.002604146, 0.005441897, 0.004886947
145, 0.007243542,    3.67E-04, 0.007622171,  0.00645464, 0.004723509, 0.008372965, 0.008528819
146, 0.007224895, 0.008140626, 0.005964301, 0.003827288,  0.00486112, 0.004897136, 0.004982991
147, 0.001382003,    8.75E-04, 0.003430854, 0.002833994, 0.009405164, 0.006554812, 0.006118174
148, 0.008369071, 0.001190759, 0.008469869, 0.003859481, 0.001381177, 0.002050533, 0.002218307
149,  0.00744126, 0.002017119, 0.008414399, 0.004381982, 0.002146174, 0.005996227, 0.009965934
150, 0.003015397,   0.0050218, 0.005165376, 0.003154353, 0.006418479, 0.008720683,    6.26E-04
151, 0.008457516, 0.008429647, 0.001888825, 0.007434507, 0.004366254, 0.006024369,  0.00370668
152, 0.005713899, 0.008218483, 0.001615772, 0.009376151, 0.002894352, 0.007732301, 0.008127657
153, 0.004099088, 0.005771374, 0.007370448, 0.009646648,  0.00540719, 0.009075117,    5.14E-04
154, 0.004258975, 0.007580197,  0.00933078, 0.001833064, 0.008538769, 0.007328707, 0.008930861
155,  0.00420707, 0.005078558, 0.006919889, 0.005545287, 0.001092184, 0.005438951, 0.009488842
156, 0.006263034, 0.008314417,    9.43E-04, 0.001405283, 0.004188936, 0.008936922, 0.002855112
157, 0.008254704, 0.007611944, 0.001064836, 0.001647321, 0.004245107, 0.008316213, 0.001235874
158, 0.002313924,  0.00966485, 0.006123906, 0.005390396, 0.008966952,  0.00739412, 0.001338748
159, 0.005322854, 0.007328163, 0.007411976, 0.005401921,    9.87E-04,  0.00814615, 0.007742886
160, 0.002776926, 0.008062428, 0.008056563, 0.001351105, 0.003847697, 0.005778698, 0.006951951
161, 0.001118219, 0.009444252, 0.002165577, 0.002538984, 0.009228615, 0.002502799, 0.002601015
162, 0.003434698, 0.003039609, 0.001322258,  0.00282579, 0.001889714, 0.006827392, 0.001896766
163, 0.009432389, 0.006025202,  0.00767694,  0.00388378,  0.00924591,  0.00933171, 0.004223443
164, 0.005910002, 0.003985253, 0.002101772, 0.008954819, 0.001122407, 0.008126028, 0.005454597
165, 0.008349266, 0.003159239, 0.005982334, 0.003659886,    2.49E-04, 0.006045923, 0.008682768
166, 0.004579234, 0.004559295, 0.008913408, 0.002936725, 0.001217348, 0.001618959, 0.007891551
167, 0.001270235, 0.009611656, 0.002392739, 0.003047707,  0.00775631, 0.009587726, 0.006025718
168, 0.007820803, 0.004172973, 0.005269211, 0.003229114, 0.002043698, 0.008992828, 0.001654893
169, 0.008473918, 0.007351774, 0.005641237, 0.002061706,    3.18E-05, 0.005543231, 0.007055915
170,  0.00878147,  0.00452977, 0.006286656,    7.39E-04, 0.005910362, 0.001874861,    4.64E-04
171, 0.002212419, 0.008984009, 0.007156396, 0.009392314,  0.00507413,    7.87E-04, 0.008448666
172, 0.008184661, 0.002691302, 0.006507688, 0.003313157, 0.003591729, 0.009983758, 0.004259102
173, 0.002239237, 0.002806956, 0.003714455, 0.008933382, 0.004264076, 0.009924107, 0.006240606
174, 0.008315035, 0.008577028,  0.00100327,    7.74E-04,    4.50E-04, 0.006040686, 0.007031491
175, 0.005855138,    3.66E-04, 0.006250215, 0.006456827, 0.002974437, 0.002424048,  0.00900461
176, 0.005429659, 0.004041113, 0.001796587, 0.003877878, 0.004402692, 0.004765857, 0.004901872
177, 0.007955181, 0.004321154, 0.005915769, 0.003945394, 0.009738388, 0.004277277, 0.006878671
178, 0.005172968, 0.006727423, 0.005208222, 0.005004814, 0.003912174,  0.00524831,    9.84E-04
179,  0.00979003, 0.002031608, 0.003725693, 0.009063507, 0.003122538, 0.005058226, 0.004787123
180,  0.00778419, 0.005536341, 0.006866918, 0.007338319, 0.006316283, 0.003697363, 0.009592744
181, 0.007063085, 0.006317192, 0.006194142, 0.005215133, 0.002678514, 0.001412063, 0.003113139
182, 0.003124638, 0.005715541,  0.00176392, 0.009849395, 0.004906689,  0.00359691, 0.006203372
183, 0.007136496,  0.00356311, 0.009349002, 0.003655235, 0.007375483, 0.009440983, 0.006411006
184, 0.008929521, 0.002000573, 0.009249796, 0.003694292, 0.005336822, 0.005840241, 0.007721604
185, 0.004296849, 0.008043174, 0.002215428, 0.003705293, 0.001092088, 0.007597093, 0.006862331
186,  0.00378485, 0.003788253, 0.002641534,  0.00967545, 0.006872867, 0.004994155, 0.004466106
187,    7.37E-04, 0.002654344, 0.007328883, 0.003759957, 0.001134071, 0.005242179,   0.0096776
188, 0.001693321, 0.009653373,    9.55E-04, 0.008322504, 0.003285797, 0.003616113, 0.005735821
189, 0.007867447,    9.12E-04, 0.005818123, 0.003416086, 0.007626711, 0.009750315, 0.009838056
190,    7.41E-04, 0.001462846, 0.004998063, 0.002814928, 0.008905383, 0.002935453, 0.002756441
191, 0.008206565, 0.004172561, 0.003062244, 0.002631221, 0.001010935, 0.002111952, 0.004995663
192,    3.00E-04, 0.004465571,    9.40E-04, 0.008482804, 0.002566183,    3.36E-04, 0.009525613
193,  0.00710331, 0.005743744, 0.004562221, 0.004718355, 0.002969412,    6.22E-04, 0.006253174
194,    8.37E-04, 0.006824181, 0.003697388,    8.02E-04, 0.001388338, 0.006288565, 0.004895712
195,   0.0072411, 0.009392519, 0.001384701, 0.006569154, 0.005863456, 0.008039588, 0.004402458
196, 0.007213016, 0.004608459, 0.007841198,    6.78E-04, 0.006038955, 0.001742467, 0.009915549
197,  0.00791859, 0.001315602, 0.007960969, 0.007598559,  0.00433137, 0.006215621, 0.003196983
198,    1.84E-04,    1.02E-05,    8.01E-04, 0.002141117, 0.003268006, 0.001777874, 0.007734473
199,  0.00776194, 0.009914619, 0.009002768, 0.002318796, 0.003961002, 0.005647932, 0.006781696
200,    3.095042,  0.00690503, 0.008150167, 0.003322166, 0.002029815, 0.009548569, 0.009458889
201,   2.9616568, 0.007704207, 0.005393498, 0.004447858, 0.008999297, 0.005840607, 0.005627568
202,   2.9745045, 0.008537029, 0.002760241, 0.008442335, 0.008779971, 0.002427022, 0.006416292
203,   2.9963644,    8.31E-04, 0.003911326,    2.73E-04, 0.008714135, 0.006172774, 0.003564377
204,   2.9538023, 0.003412107, 0.003223631, 0.002420826,    9.39E-04, 0.007740958, 0.005967815
205,   3.0051455, 0.008422714, 0.002042024, 0.008326412, 0.009311808, 0.009757977, 0.008838501
206,   2.9439964, 0.003054703, 0.004680677, 0.003233046, 0.005870338,    7.21E-04, 0.005928671
207,   2.9613247, 0.001192828, 0.005664503, 0.001972794,    9.89E-04, 0.003425507, 0.009825571
208,   3.0255585, 0.006420421,    1.01E-04,  0.00216279, 0.004821231, 0.001135532, 0.008886416
209,   2.9656246, 0.004310087, 0.004480507, 0.002370304, 0.002733565, 0.002413788, 0.003102935
210,     2.93642,    6.250666, 0.008116925, 0.002162238,   5.6391253, 0.005685096,    8.934262
211,   3.0657675,   6.2805305, 0.002369998, 0.005609939,   5.5793934, 0.006023646,    8.977408
212,   2.9822783,    6.513091,  0.00616497, 0.007441721,    6.188877,    3.32E-04,    8.985915
213,   2.9837365,   6.9811487,  0.00876237, 0.009182334,   6.5705485,    6.97E-04,    8.992443
214,   3.0119195,    6.691243,  0.00436429, 0.007660094,   6.1071134, 0.004465945,    9.067347
215,   3.0059476,    6.670396, 0.003216363, 0.006865391,    5.650324, 0.005597663,    9.050921
216,     2.99379,   6.3490634, 0.006165865, 0.001396873,    6.182885, 0.007809219,    8.968585
217,     2.99727,   6.4739347,  0.00101307, 0.005659267,   5.9291186, 0.006560025,    9.095401
218,   2.9837413,   6.5493073, 0.009176292, 0.001398453,    5.466838, 0.001292632,    9.073845
219,   2.9845736,    6.479214, 0.009219713, 0.004514502,   5.9042077, 0.001543873,    8.956841
220,   2.9356303,    6.930132, 0.002048678, 0.008060956,    5.735101, 0.006437516,    8.964681
221,   2.9437246,   6.2863765, 0.003629025, 0.008756928,    5.760044, 0.001659584,    8.906626
222,   3.0397627,   7.0531483, 0.007225898, 0.004118483,   5.7139645, 0.009974938,    9.011277
223,   2.9806902,    6.673603, 0.009690776,    7.34E-04,    6.018305, 0.009192003,    8.972241
224,    3.008117,   6.5757866, 0.001390831, 0.008143489,   6.8870907, 0.004152558,    9.070637
225,   3.0783486,    6.888116, 0.009217599, 0.001180889,    5.836167, 0.008460979,    9.055148
226,    2.904613,   6.5980167, 0.005459489, 0.004550127,    7.019432,    2.64E-04,    9.035041
227,    3.081997,    6.756176, 0.007675146, 0.005005415,   6.5737095, 0.007992318,     8.98589
228,   2.9537401,    6.779541, 0.009051298, 0.004854873,   7.0084486, 0.006946468,    9.094061
229,    3.005342,    6.425945,  0.00938356, 0.002914293,    6.821348, 0.007431895,    8.918557
230,   2.9776108,   6.8307776, 0.003759968, 0.007243568,   6.8047657, 0.003534585,    8.999122
231,   2.9824674,   6.3477464, 0.004309069, 0.007908248,    5.412787, 0.009501086,    9.091103
232,   3.0015593,    6.831806, 0.008871154, 0.006490838,    6.754954, 0.006675255,    9.076954
233,   2.9880679,    6.271654, 0.006375614, 0.004855714,    6.910268, 0.003612067,    9.087353
234,   3.0389905,   7.0057187, 0.009040562, 0.003166166,    7.090479,  0.00932321,    8.918977
235,   2.9569223,    6.424742, 0.009660028, 0.006910494,    6.369462, 0.001554441,    9.049003
236,    3.090156,    6.564754, 0.007938555, 0.003248892,    6.583517,    4.66E-04,   9.0848675
237,    3.003544,    6.775044, 0.002452327, 0.004638772,   7.0990005, 0.007916423,    8.960139
238,    3.055347,    6.802565, 0.005033399, 0.006889035,   6.5846868,  0.00123131,    8.973123
239,   3.0642443,   6.5091248, 0.006185868,    5.52E-04,   5.9725246, 0.005069554,    9.012476
240,   3.0247862, 0.006037684, 0.005042627,  0.00743783, 0.004054833, 0.004727511,    2.59E-04
241,   3.0371406, 0.003726305, 0.004609967, 0.001941533, 0.004436416, 0.009049377, 0.008741066
242,    2.934972, 0.009713734, 0.004617047,    9.56E-05,  0.00661481, 0.008676307,  0.00112618
243,    3.002218, 0.005918347,    4.48E-04,    1.03E-04, 0.005944319, 0.003398341, 0.004299171
244,   3.0097244, 0.007827527, 0.007489501, 0.008868346, 0.006058103, 0.008926773, 0.004022883
245,    3.075326,    7.46E-04, 0.001035468, 0.001267579, 0.008617224,    8.63E-04, 0.003576392
246,   2.9847176, 0.005999272, 0.004544758, 0.002990215,  0.00939588, 0.009823045, 0.008808204
247,   2.9395084, 0.004158741, 0.009154719, 0.008938074, 0.002633899, 0.001082765,   0.0056952
248,   3.0634086, 0.008211271, 0.006440144,    7.77E-04, 0.001107501, 0.002388485, 0.006492166
249,   2.9474695, 0.008719132,    3.06E-04, 0.004291946,    4.77E-04, 0.007382358, 0.002893988
250,    2.902261, 0.001899014, 0.003890269, 0.002968126,  0.00458674,   8.9332695, 0.001084452
251,   2.9840925, 0.007403418, 0.006984052, 0.009430122, 0.009458886,    8.916643,    8.72E-04
252,   2.9718275, 0.003507642,    3.53E-04, 0.006139432, 0.007718395,   9.0200815, 0.002693811
253,   2.9921224, 0.006911068, 0.004951925, 0.001413959, 0.005991518,    8.954343,  0.00890269
254,   3.0011084, 0.004695887, 0.007420551, 0.003628688, 0.001110411,    9.014513, 0.007681691
255,    2.912485, 0.004522228, 0.005957115, 0.005201474,    8.03E-04,    9.075167, 0.001613421
256,   3.0647051,  0.00430233, 0.008978963, 0.009662366,  0.00305547,    8.958533, 0.005174938
257,    3.078861,    4.53E-04, 0.007534491, 0.003145315,    9.04E-04,    9.009905,    6.57E-04
258,   3.0104182, 0.003647825, 0.003435013, 0.006872082, 0.006911251,     9.03582, 0.007901597
259,   2.9803975, 0.007787599, 0.009376046, 0.003015195, 0.003927173,    9.066291, 0.006367904
260,  0.00185005, 0.002235109, 0.006644019, 0.007132464, 0.007756297,    8.968238, 0.005898808
261, 0.004137459, 0.006951517, 0.009857602, 0.006385607, 0.005621258,    9.009892, 0.001032845
262, 0.004342347, 0.006142737, 0.002378219, 0.006415364, 0.004853953,    9.057111, 0.003888659
263, 0.009220667, 0.004388636, 0.007537105, 0.003484609,    7.82E-04,    9.093291, 0.005097999
264, 0.007170002, 0.002834894, 0.003313242, 0.001100101, 0.001563818,   8.9604645, 0.002231817
265, 0.009859717, 0.001532269, 0.004344583,   0.0084988, 0.009639675,    8.962542,    5.17E-04
266, 0.006531563, 0.008379662, 0.007738265,  0.00259694, 0.002271263,    9.054522,    5.24E-04
267, 0.003769063, 0.001856716, 0.007552969, 0.003109747, 0.005730264,    8.965931, 0.005958189
268,  0.00297989, 0.007562842, 0.005076115,    1.40E-04, 0.007022081,    9.081311, 0.005735718
269, 0.001441168,    1.14E-04,    9.54E-04, 0.003402997,  0.00140352,     9.07964, 0.002712983
270, 0.004595577, 0.004698115, 0.004385546, 0.005809242, 0.004681375,    9.063561, 0.009939107
271, 0.005465843, 0.008734039, 0.005683694, 0.001916392,   0.0042553,     8.90362,  0.00824163
272, 0.004410396, 0.005381791, 0.002326529, 0.008111428, 0.008382135,    8.917634, 0.008153194
273, 0.004635058, 0.004639855, 0.003292198, 0.008622167, 0.001784529,    9.065256, 0.003279182
274,    4.22E-04, 0.003554592, 0.001586706, 0.009307604, 0.007057238,     9.02567, 0.004796223
275, 0.005959743, 0.003740473,  0.00757765,  0.00117865, 0.004223723,    9.084937, 0.004605748
276, 0.003137057, 0.007266041, 0.003948594, 0.009979462, 0.001195078,    8.965133, 0.008086221
277,  0.00425274, 0.006403643, 0.003803733,    4.22E-04, 0.002648308,    9.034221, 0.006834823
278, 0.009298532, 0.002959653, 0.008446162, 0.001489016, 0.002328898,    8.929354,  0.00904179
279, 0.005046453, 0.002055296, 0.009763196, 0.004348504, 0.003774392,    9.071868, 0.005087209
280, 0.002899684, 0.006098674,   0.0093089, 0.001802684, 0.004836819,    9.013533, 0.004415508
281, 0.007598091, 0.004431321,    7.28E-05, 0.005766051, 0.006149771,    8.934514, 0.005058727
282, 0.002852604, 0.003940943, 0.008482648, 0.003017645, 0.006536264,   9.0599575, 0.007882497
283, 0.002591766, 0.006129332, 0.004608796, 0.001395909, 0.008293707,    8.936532, 0.005856398
284, 0.005799586,  0.00937433, 0.006779273, 0.004520089, 0.005414212,    9.042333, 0.008495619
285,  0.00509568, 0.005145697, 0.002372441, 0.004867808, 0.005530466,    8.987752, 0.003884131
286, 0.008058811, 0.007286971, 0.007440833, 0.005394735, 0.003223569,    9.076207,    1.68E-04
287,    3.14E-04,    6.79E-04,    7.84E-04, 0.002280552, 0.003291736,    8.948803, 0.007038474
288, 0.001062494, 0.003033551, 0.007875432, 0.004089101,    1.45E-04,    8.940261, 0.006584216
289, 0.004842083, 0.007249147, 0.006624791, 0.006619371, 0.004254655,     8.93324, 0.008279539
290, 0.003832885, 0.006453443, 0.004268105, 0.004728666, 0.006278092,    9.017043, 0.006267925
291, 0.003380599, 0.007189741, 0.002003656, 0.009231499,    2.75E-04,    9.045196, 0.006242576
292, 0.005972715,  0.00160049, 0.009895755,  0.00441367, 0.006382293,    9.062594, 0.006825182
293, 0.003249235,  0.00190068, 0.006910391, 0.001077837, 0.007322945,   8.9636345, 0.009641245
294, 0.007714533, 0.008078342, 0.009454234, 0.007556684,    4.65E-04,    9.008806, 0.002855317
295, 0.001440287, 0.002360234, 0.008534173, 0.009903502, 0.008929043,    8.992505, 0.007692642
296, 0.005139086, 0.002579029,  0.00718069,  0.00431303, 0.008978215,    8.922699, 0.001404207
297,    3.26E-04, 0.002844071, 0.007570718, 0.008570571, 0.006541726,    8.973995, 0.003293542
298, 0.009566665, 0.001053975, 0.007636675, 0.004603004, 0.002392819,     8.99076, 0.002781899
299, 0.004291317, 0.007482426, 0.008553611, 0.004308834, 0.001094932,    8.984131, 0.001042799
300, 0.009145898, 0.001782998, 0.001787199, 0.005533982, 0.008623752,    8.977645, 0.004231783
301, 0.005455966, 0.004161321, 0.006794866, 0.003769977,    4.04E-04,    8.911097, 0.002000874
302, 0.007079479, 0.005543583, 0.002516864, 0.003328692,  0.00158081,    9.005986, 0.003428985
303, 0.008940229, 0.001720237,    3.93E-05,   0.0076911,    9.40E-05,    8.962662, 0.009087237
304, 0.006972018,    9.34E-04, 0.008483926, 0.005499003,  0.00121026,    8.912461, 0.007682317
305, 0.007790494, 0.004780766, 0.001364012, 0.005327387, 0.009048751,    9.006116,  0.00574186
306, 0.009166751, 0.004707138,  0.00171293, 0.001036939, 0.001634912,    8.915059,    5.66E-04
307,   0.0022597, 0.001688415, 0.008344894, 0.009212543, 0.003019979,   9.0492325, 0.009638894
308, 0.008329043, 0.009459537, 0.006521622, 0.006109487, 0.004075503,     9.05359, 0.008529481
309, 0.004547428, 0.008761758, 0.005948167, 0.007329215, 0.005527982,    8.901389, 0.008278334
310, 0.008077985, 0.004215339,    4.833561, 0.007143042, 0.005370212,    8.981504, 0.006823958
311, 0.006870532, 0.002586963,    5.165392,  0.00246894, 0.003563951,    9.078302, 0.003853286
312, 0.002274373, 0.008945036,    6.238434, 0.008487823, 0.009270985,    8.949292, 0.003266657
313,    6.55E-04, 0.008707904,    6.871521, 0.007949812, 0.006279994,    8.940691, 0.007273235
314, 0.009223932, 0.007882812,    5.248215, 0.006001604, 0.004928235,    9.050897, 0.004416795
315, 0.007216189, 0.002447493,   7.0207253, 0.008426266, 0.008856243,    8.985943,  0.00121321
316, 0.007097665, 0.001188687,   6.8256803, 0.003044002, 0.006690627,    8.943285, 0.006487753
317, 0.004230109, 0.006428427,   5.6576138, 0.003224295, 0.006359424,    8.982539, 0.006869429
318, 0.009324303, 0.001940969,    4.721712,    4.04E-04, 0.008624175,     8.99956,    6.84E-04
319, 0.008081747,    7.84E-04,   6.5092573,  0.00439089, 0.005654307,    9.080377,    2.67E-04
320, 0.003559253,  0.00918546,   3.5177221, 0.004691879,  0.00104365,    8.937564, 0.002927418
321, 0.004379717,    1.72E-04,   6.1543417, 0.009850974, 0.008519024,    9.017319, 0.009737163
322, 0.008535322, 0.005597903,   4.7355375,    5.19E-04,    3.67E-04,    8.964178, 0.002438318
323, 0.009029886, 0.006113768,    6.859352, 0.004080126, 0.008986983,    9.035408, 0.004027965
324, 0.009076626, 0.004736957,   4.4322324, 0.004417189, 0.006234558,    9.091378, 0.004121057
325,    7.74E-04, 0.001402356,   6.6799235,    3.57E-04, 0.009750112,   9.0215645, 0.009631159
326,    7.01E-04, 0.001597201,   3.3681312, 0.003638389, 0.005043102,     8.98022,    9.19E-04
327, 0.005384689, 0.003427592,   4.9225597, 0.003752553,    8.74E-05,    8.990589, 0.009692642
328, 0.004410204, 0.006654658,   3.4065752,    7.14E-04, 0.008730774,    8.935532, 0.004443865
329, 0.008287344, 0.006156759,    5.148021, 0.006820581, 0.004325227,    9.066508, 0.005468961
330, 0.007796695, 0.007489458,    5.356148, 0.006638773, 0.004245928,    9.054953, 0.003424835
331, 0.009489779, 0.002733042,    6.186241, 0.007687599,    1.05E-04,    9.016335, 0.004028949
332, 0.006792175, 0.009748375,   4.3943286, 0.007657039,  0.00795346,    9.094684, 0.008524416
333, 0.004844896, 0.006562562,    5.549307,  0.00564763, 0.008763813,    8.913059, 0.003850433
334, 0.009991829,  0.00626976,   3.2231207, 0.005516668, 0.001146966,    8.979903,    4.02E-04
335, 0.005000479, 0.003286177,     6.41222, 0.003071448, 0.001680596,    9.007891, 0.008407238
336, 0.004272277, 0.006949425,    4.221506,    5.71E-04, 0.006619737,    8.905001, 0.002702188
337, 0.006344317, 0.007021466,   5.0315304, 0.005625641, 0.001456236,     8.97167, 0.008783937
338, 0.001563501,  0.00391135,   5.4087563, 0.004787548, 0.001178422,    8.947983, 0.007912659
339, 0.001940399, 0.005046668,   5.9528522, 0.009551432,   0.0020088,     9.00897, 0.001015746
340, 0.005321952, 0.005013802,  0.00244791, 0.005376537, 0.007294489,     9.09056, 0.007309715
341, 0.009225836, 0.006980234, 0.009157274, 0.004665657, 0.007933366,    8.983058, 0.005167989
342, 0.005121518, 0.001140141, 0.009807508, 0.003867922, 0.006485828,     9.08209, 0.004979371
343, 0.001161095, 0.009254737, 0.005551832, 0.002363605, 0.008469424,    9.034033, 0.008301862
344, 0.005443404, 0.008283788, 0.002782464, 0.003767318, 0.003177617,     8.91906, 0.004108906
345, 0.008881655, 0.008028388, 0.008300073, 0.007243147, 0.001958437,    9.084583, 0.006297848
346, 0.002285238, 0.007546695,   0.0022137, 0.007850312, 0.006850617,     8.90487, 0.003325263
347, 0.003689064, 0.003826585, 0.003226475,    1.83E-05, 0.001333653,     9.05759, 0.003120677
348, 0.008672657, 0.004957167, 0.008133332, 0.003366704, 0.001357614,    9.095919, 0.004197382
349,    6.65E-04, 0.007333389,  0.00105573, 0.004603102,  0.00274481,    9.067076, 0.005324702
350, 0.008060904, 0.007821732, 0.004391442,  0.00629973, 0.007954978,    8.983393, 0.003483872
351, 0.003227632, 0.006501309, 0.007360882, 0.008046255, 0.007384146,    8.969598, 0.003449144
352, 0.006445782, 0.006221395,  0.00523955, 0.009955442, 0.005404929,    9.075544, 0.006124512
353, 0.009755897, 0.002128575, 0.003044536, 0.003279397, 0.009667767,    8.998238, 0.006190853
354, 0.008717881, 0.002528217, 0.003316585,  0.00585874, 0.009472802,    9.067874,  0.00614318
355, 0.008801937, 0.009346222,  0.00415973,  0.00926209, 0.003577429,    8.957911, 0.002838644
356, 0.009315067,    4.56E-04, 0.007636122, 0.007738196, 0.001258702,    9.069547, 0.001818168
357, 0.006594162, 0.001111687, 0.003761231, 0.004402459, 0.007840381,    8.991241, 0.001097458
358, 0.008948365, 0.009387461,  0.00374261,    5.44E-04,    5.19E-04,    9.010167,    9.20E-04
359, 0.009193435, 0.002338749, 0.009322031, 0.008396313, 0.001095963,    8.971904, 0.002030705
360, 0.008456944,   0.0024881, 0.009831679, 0.003430982, 0.005877966,  0.00388386,  0.00922204
361, 0.005939428, 0.008191936, 0.003118079, 0.006630652,    8.63E-04, 0.007113552, 0.009032119
362,  0.00351905, 0.005558725, 0.008926815, 0.007649027, 0.008478829, 0.003663942, 0.006528136
363, 0.001406054, 0.001291942,    1.60E-04, 0.004774831, 0.007295701, 0.008170699,    3.50E-04
364, 0.003806092, 0.001612101,    2.52E-04,    7.04E-04, 0.002083544, 0.007407792, 0.005279678
365, 0.009967021, 0.002041096, 0.005736636, 0.009339573,    9.33E-04, 0.006438891, 0.003291806
366, 0.001484464, 0.006831154, 0.002783704, 0.007143512, 0.009152085, 0.001434716, 0.006508235
367, 0.001939323, 0.006376966, 0.008647626,    9.94E-04, 0.006150616,  0.00997758, 0.005616214
368, 0.003980215, 0.001731946, 0.001134608, 0.003200997, 0.005409428, 0.005905772, 0.001075254
369, 0.009032805, 0.001359212,  0.00469323, 0.009939818, 0.001313491,  0.00232869, 0.005282296
370, 0.007330603, 0.006023911, 0.001872244,  0.00835794,  0.00152954, 0.006266276, 0.003331086
371, 0.002114521,  0.00191974,    9.49E-05, 0.008246094, 0.006828921, 0.005757544, 0.002379078
372, 0.009927546, 0.002593592, 0.006115413, 0.006992976, 0.009612499,   0.0030919, 0.002552381
373, 0.007943416,    6.58E-04, 0.005143859, 0.009867588, 0.001921474, 0.008299194, 0.007158542
374, 0.003153769,    2.05E-04, 0.008641271, 0.009600169, 0.009291357, 0.004838784,    7.65E-04
375, 0.007108063, 0.006010245, 0.002589211,    8.36E-05, 0.005006379,  0.00969502,    2.86E-04
376, 0.009434234, 0.002597713,  0.00222087, 0.006869081, 0.006757025,  0.00185539, 0.005281132
377,    6.91E-04, 0.004695829, 0.002912447,  0.00790383, 0.005464266, 0.007951937, 0.007091027
378, 0.009153347,  0.00458963, 0.008812359, 0.004124091, 0.003374719, 0.001573142, 0.009913854
379, 0.002692075, 0.009761852, 0.003714235, 0.006009403, 0.002430316, 0.001517326, 0.007329243
380,  0.00327134, 0.001158768, 0.002420213, 0.005393736, 0.005495475, 0.003243737,    2.30E-04
381, 0.002678721, 0.001463105, 0.003722074, 0.007026447, 0.009207442, 0.006672875, 0.008101449
382, 0.006328627,    1.74E-04, 0.005672062, 0.009596059,  0.00562113, 0.009341481, 0.008296899
383, 0.003965301,    7.94E-04, 0.003378514, 0.004274149, 0.007093655, 0.005915355, 0.006591558
384, 0.005841229, 0.001983237, 0.007739866, 0.009079141, 0.007309733, 0.009926149, 0.009421343
385, 0.006457641, 0.003827313,  0.00528201, 0.001986434, 0.005999462,  0.00898542, 0.004506697
386, 0.005318543, 0.002275877, 0.002375539, 0.007861575, 0.002628255, 0.005211345, 0.003714056
387, 0.006578177, 0.003687998, 0.004833047, 0.009736039, 0.009161484, 0.002469675, 0.009938854
388, 0.003700765, 0.007985702,  0.00424783,  0.00240888, 0.005056898, 0.001369584, 0.005717237
389, 0.004950235,  0.00858281,  0.00691409, 0.009222623, 0.007691539, 0.008147623, 0.009043349
390, 0.008809579, 0.008233226,    1.31E-04,  0.00741062, 0.001479531,    5.12E-04, 0.005495654
391, 0.003114131,  0.00176796,    1.49E-04, 0.007521178, 0.006513374, 0.001563927, 0.007839741
392, 0.004293735, 0.003844671, 0.009950229, 0.007760091, 0.001181413, 0.009805483, 0.009767399
393,  0.00499374, 0.008735971, 0.009810167,  0.00859105, 0.004527496, 0.005726369, 0.008715592
394, 0.001860906, 0.004499632,  0.00534037, 0.002473204, 0.005011195, 0.008072468, 0.004982998
395,  0.00538485, 0.009625902, 0.001552784, 0.006555687, 0.008422883, 0.005878709, 0.001198117
396, 0.004617568, 0.003420743, 0.009816263, 0.007523947,  0.00441038, 0.003848441, 0.009404782
397, 0.003866229,    3.71E-04, 0.005358073, 0.007683789, 0.005455669, 0.008461498, 0.008317671
398, 0.004857114, 0.006324614, 0.002411189,    1.47E-04, 0.003700142, 0.003994379, 0.004801301
399, 0.007430486, 0.004273597, 0.006080258, 0.008807843, 0.006491363, 0.004607984, 0.008703459
400, 0.005379444, 0.006417895, 0.003759139, 0.003913629, 0.003641447,    3.49E-04, 0.002434172
401, 0.002202598, 0.009398505,  0.00925674, 0.004248414, 0.006629422, 0.007750376, 0.007427679
402, 0.007597787, 0.007078762, 0.001040716,    3.70E-04, 0.004117382, 0.006739076, 0.002626236
403, 0.003986429, 0.004745828,  0.00801408,    2.84E-04, 0.008486392, 0.008526365, 0.001770356
404,    4.64E-04, 0.001764429, 0.002449387, 0.002075961, 0.006062771, 0.004719345,  0.00287751
405, 0.008399333, 0.005878324, 0.005361822,    3.93E-04, 0.008614752, 0.003538485, 0.009452724
406,    2.69E-04, 0.009100056, 0.007283452, 0.002888972,    1.91E-04, 0.002714265, 0.009725759
407, 0.005086544, 0.005331911, 0.001507243,  0.00846186,  0.00320589, 0.008459464, 0.008640449
408,  0.00424387, 0.004223236, 0.009323292, 0.003187292, 0.003312122, 0.005571947, 0.003286461
409, 0.002233572, 0.004444262, 0.005361362, 0.003873663, 0.007012931, 0.009294193,    2.62E-05
410, 0.007719206, 0.003689176, 0.006674238,    6.68E-04, 0.003256367, 0.004836824, 0.007576484
411, 0.009318409, 0.006413768, 0.004673144, 0.007934352, 0.002897126, 0.007570811, 0.009659429
412,    3.93E-04, 0.005711827, 0.004073001, 0.006216194, 0.004687272, 0.001033276, 0.001719336
413, 0.008986441, 0.008618405,  0.00847677, 0.006807752, 0.006333091, 0.008075953, 0.006715851
414, 0.007560965, 0.004571118, 0.005068743,    3.97E-04,    5.38E-05, 0.008811913, 0.007308931
415, 0.006029329, 0.009124845, 0.006236806, 0.001535741, 0.004105567, 0.009177703, 0.007118672
416, 0.005470524, 0.003720714, 0.003266198,  0.00997498,    6.24E-05, 0.001579333, 0.001403302
417, 0.009862596, 0.004513791, 0.009417541,    6.48E-04,  0.00301411, 0.001467748, 0.002598031
418,    1.93E-04, 0.006767406, 0.008694038, 0.007916321,  0.00442827,  0.00105466, 0.006628556
419,    5.03E-04, 0.005718012, 0.006593875, 0.008200683, 0.008111719, 0.006544625, 0.005365547
420, 0.008525809, 0.006064471, 0.007542053,    9.59E-04, 0.007245301, 0.007636804,  0.00396415
421,  0.00993735, 0.005563779, 0.002788907, 0.008166587,    4.97E-04, 0.003363661, 0.002784664
422, 0.009796171, 0.001387601, 0.009169474, 0.009472475, 0.008554838, 0.002308076, 0.007189557
423, 0.005781713, 0.006641868,  0.00681347, 0.001180311, 0.008334789, 0.009276765,    1.38E-04
424, 0.004458267, 0.003982983, 0.002066501, 0.007287135, 0.009027802, 0.009544918, 0.003404701
425, 0.001239735,  0.00449742, 0.008059738, 0.008576659,  0.00718918, 0.009225074, 0.005462779
426, 0.009792892, 0.006350821, 0.001963121, 0.008749703, 0.002985298, 0.002075306, 0.002166034
427,    4.16E-04, 0.007873762, 0.001747907, 0.001079113, 0.004240229, 0.002547438,    2.72E-04
428, 0.003743991, 0.004331105, 0.007603721, 0.004808876, 0.004136814, 0.002754706, 0.007749277
429, 0.005894279, 0.001797557, 0.001043808,    6.91E-04, 0.007036528, 0.008514022, 0.007412536
430, 0.004133579, 0.003487379, 0.007891617, 0.004601238, 0.001740518,    9.86E-04, 0.008970119
431, 0.002932974, 0.008044117, 0.006976771, 0.007441204,  0.00938391,    4.42E-04,    4.35E-05
432, 0.004475565,  0.00625316, 0.003672004, 0.008132757, 0.003686081, 0.002363247, 0.008445485
433, 0.002496241, 0.001333516, 0.005630643,  0.00128671, 0.002238386, 0.003523843,  0.00831647
434, 0.007044772,  0.00384764, 0.006851364, 0.005300717, 0.009034589, 0.001158196, 0.005709346
435, 0.001318962, 0.004310488, 0.003814779,    3.20E-04, 0.005258876, 0.003187722, 0.006502783
436, 0.004428295, 0.008334394, 0.002801058, 0.006957986,    5.59E-04, 0.008238712, 0.004225884
437, 0.008084505, 0.003752774, 0.003222958, 0.001486109, 0.008386636, 0.001783328, 0.008455546
438, 0.008634466, 0.005359641,    9.87E-04, 0.001987996, 0.008014665, 0.008486526, 0.002055511
439, 0.009186132, 0.008801139, 0.002052305,  0.00940801, 0.002581342, 0.009960997, 0.003114163
440, 0.001071292, 0.008754726, 0.005894091, 0.006655445, 0.003418351, 0.005087702, 0.006180948
441, 0.008203289, 0.006546122,  0.00699584, 0.003104647,  0.00400422, 0.001603174,    6.08E-04
442, 0.001911545,    2.29E-04,    9.55E-04, 0.006763997, 0.009137076, 0.005617083, 0.005714947
443, 0.009664558, 0.003746706, 0.006474414, 0.002883054, 0.007560792, 0.004328403, 0.008999878
444, 0.006084368, 0.003440815, 0.003121866, 0.001546276, 0.009751238,    8.50E-04, 0.004281044
445, 0.008608254, 0.006468355, 0.003688552, 0.009440319,  0.00908302, 0.001163576, 0.009128067
446, 0.008391065, 0.003663728, 0.003842497, 0.009610288, 0.006474097,    1.02E-04, 0.004645147
447, 0.003329231, 0.003154884,    5.19E-04, 0.001145782, 0.002544749, 0.008172202, 0.001932878
448, 0.008021798, 0.005620696, 0.002637236, 0.009765664, 0.003485396, 0.001773189, 0.002508997
449,  0.00417459, 0.005201672, 0.007173048,    9.83E-04,    7.86E-04,    8.09E-04,  0.00726724
450, 0.004505568,    6.35E-04, 0.004616033,  0.00296732, 0.004357061, 0.008934472, 0.002555277
451, 0.007698605, 0.002056876, 0.008684093, 0.002077213, 0.008211968, 0.002191006, 0.003051437
452, 0.002281583, 0.004530901,    6.98E-04, 0.009976423, 0.002311478, 0.003439654,    1.26E-04
453, 0.003504071, 0.002791486, 0.005513971, 0.005938822, 0.008981774, 0.005924636, 0.007854166
454, 0.009528887, 0.003445741, 0.004755038, 0.003400968, 0.004310364, 0.008273354, 0.001058201
455, 0.002997757,    9.66E-04, 0.008492591, 0.004338568, 0.008208543, 0.006738251,  0.00201666
456, 0.001493916, 0.001309236, 0.001518277, 0.002511409, 0.007848815,  0.00384042,    3.93E-04
457, 0.001605058, 0.005464451, 0.006643124, 0.008323142, 0.009714239, 0.003899653, 0.002394698
458, 0.007642761, 0.009887273,   0.0019281, 0.006320176, 0.003217189, 0.005755087,   0.0061092
459, 0.001975176, 0.003235099, 0.002932119, 0.003565267, 0.006779588, 0.005872999, 0.003023998
460, 0.001835146, 0.006327027, 0.003356305,    7.76E-04, 0.008254577, 0.007403205, 0.005306208
461, 0.007833843, 0.004956094, 0.007117109, 0.002684876, 0.001096876, 0.003286408, 0.009582032
462, 0.002137898, 0.009695121, 0.003206736, 0.002179262, 0.008081673, 0.002264886, 0.009071664
463,    5.95E-04, 0.006494802, 0.005374074, 0.003074678, 0.005544865,    4.63E-05, 0.004706794
464, 0.001603598, 0.004372915, 0.008930148, 0.002929454, 0.007766714, 0.007578998, 0.005573285
465, 0.002037731, 0.005430502, 0.003710014,  0.00424794,  0.00342323, 0.006252384,   0.0060425
466, 0.008539948, 0.005900633, 0.001397073, 0.001006608,    6.13E-04,    5.01E-04, 0.003892603
467,  0.00140024, 0.006260305,    9.60E-04, 0.005912265, 0.007099951, 0.008833036,    5.34E-04
468, 0.007661189, 0.002195927, 0.003336297, 0.008997434,  0.00100145,    2.62E-04, 0.009185201
469, 0.008529655, 0.001467104, 0.008813751, 0.006440056, 0.003547089, 0.006900683, 0.009928594
470, 0.005687193,  0.00748338, 0.009585207, 0.006447179, 0.006159737, 0.009028322, 0.001450905
471, 0.002240205,    1.78E-04, 0.001394367,  0.00870335,    5.95E-04, 0.004541755,    8.09E-04
472, 0.003049875, 0.006948789, 0.001104762, 0.004619397, 0.001593609,    9.06E-04, 0.009462242
473, 0.005151118, 0.006419663, 0.007776845,  0.00438516, 0.002770299, 0.007915479, 0.001691252
474, 0.009460555,    4.84E-04, 0.002947499,    7.90E-04, 0.006245222,  0.00284751,    1.59E-04
475, 0.009922116, 0.005167615, 0.003947759, 0.009857804, 0.007853134,    3.99E-04, 0.002805402
476,  0.00523451, 0.004043137, 0.005961913, 0.009652827, 0.004973207, 0.004750321,  0.00446136
477, 0.003244681, 0.004720172,  0.00940817,    0.002986, 0.007604537, 0.006322372, 0.006021527
478, 0.002977899, 0.006427172,  0.00926954, 0.008668476, 0.002156246, 0.004732707, 0.008352422
479, 0.001103749, 0.006947771,    3.08E-04, 0.005192529, 0.007929994, 0.003298713, 0.001975151
480, 0.009003812, 0.008836489, 0.002229723, 0.007782648, 0.003714251, 0.002000585, 0.004043926
481, 0.003859176, 0.004405419, 0.009905341, 0.001709673, 0.003837659, 0.005920674, 0.004547548
482, 0.009613378, 0.009526565,    4.48E-04, 0.009293517, 0.008614123, 0.005811226, 0.008898725
483, 0.001485729, 0.002130567, 0.006647347, 0.002991721, 0.003311622,    8.52E-04, 0.004448043
484, 0.001078672, 0.008416534,  0.00558938, 0.002167684,    9.72E-04, 0.008275979, 0.008767885
485, 0.005950291, 0.007286581,  0.00543816,  0.00511264, 0.006337164, 0.009149813,    4.06E-04
486, 0.001188963, 0.007717893, 0.006514678, 0.005147347, 0.001633629, 0.008960839, 0.009778484
487, 0.009009765, 0.007149314, 0.002973652, 0.007917414, 0.002152977, 0.005633389, 0.009321298
488, 0.004932161, 0.007531517, 0.003173557, 0.001968589, 0.003041043, 0.004921827, 0.006066635
489, 0.003716093, 0.003762261,  0.00952575, 0.008503129, 0.009962798, 0.004794552, 0.003276784
490, 0.003109064, 0.007055849, 0.001435545, 0.009133827, 0.003147862,  0.00467712, 0.006169718
491,  0.00736784,   0.0058589, 0.007468341, 0.009012938, 0.008130072,  0.00614569, 0.008410961
492,  0.00421813, 0.006436177, 0.008625467,  0.00535387, 0.006026709, 0.004108769, 0.003913296
493, 0.002521557, 0.007292986, 0.008191658, 0.001937617,    8.37E-04,    1.38E-05, 0.006882218
494,  0.00107052, 0.004459996, 0.006063463,  0.00212403, 0.006904813, 0.006061691, 0.009763319
495, 0.002660167, 0.008621326,    5.93E-05, 0.001309496, 0.002568159, 0.004063688, 0.001269969
496, 0.001535396, 0.008080925, 0.006874154, 0.006270066, 0.004004748, 0.009843603,    3.43E-04
497, 0.006118066,    1.02E-05, 0.008664475, 0.002984465, 0.002038342, 0.005695615,    2.89E-04
498,    2.79E-04,    1.67E-04,  0.00822417, 0.008757895, 0.005502289,  0.00752215, 0.009684062
499, 0.008510454,    1.17E-04, 0.008996126, 0.003251101, 0.002543399,    8.08E-04, 0.004340852
500, 0.006022092, 0.007667625, 0.005924291,  0.00488912, 0.006886995, 0.008179318, 0.008816252
501, 0.002053353,  0.00582569, 0.006112172, 0.009361551, 0.003528152, 0.003095225, 0.009644326
502, 0.007839543, 0.008560214, 0.002916027, 0.001204528, 0.007226659,    6.51E-04, 0.006470585
503, 0.003355217,    9.80E-04, 0.004625037, 0.003295749, 0.003625919, 0.003420527, 0.005113149
504,  0.00847981, 0.009128571, 0.008945106, 0.005210411, 0.005468164, 0.008007074, 0.004458264
505, 0.007294267,    7.36E-04, 0.007556588, 0.006666119, 0.002823761, 0.007107135, 0.008193778
506, 0.002161565, 0.004307244, 0.007067463, 0.008367432, 0.003597213,    5.68E-04, 0.006085492
507, 0.007969572, 0.009664688, 0.005941944, 0.008630741, 0.006840374,    8.54E-05, 0.005095032
508,  0.00636978,    5.56E-04, 0.009366857, 0.007796888, 0.008839033, 0.007846064,  0.00468953
509, 0.002149232, 0.001789152, 0.002710188, 0.003963869,    5.42E-04, 0.007350417, 0.009582235
510,  0.00983244, 0.009909867, 0.003186218, 0.001741614, 0.004191758, 0.006754878, 0.004881755
511, 0.001575155,  0.00566932, 0.007814114, 0.006957667, 0.006265823, 0.009415294, 0.009285593
512, 0.003103369, 0.004017138, 0.004554626, 0.001064178, 0.005492471, 0.004017948, 0.009694149
513, 0.007579183, 0.006372718, 0.008010425,    9.91E-04, 0.003511101,  0.00251548,  0.00254482
514,    4.60E-04,    9.17E-04, 0.004564876, 0.008787755, 0.004440397, 0.004110955, 0.008844236
515, 0.001096503, 0.003434103,    1.46E-05, 0.008757625,  0.00647993,  0.00488782, 0.004648735
516, 0.006566797, 0.004537468, 0.009928025,    9.19E-04, 0.004028966, 0.001500685, 0.003527831
517,  0.00892527, 0.002148398,  0.00259774,  0.00514387, 0.007657168, 0.006124885, 0.004119188
518, 0.003469301,  0.00610245, 0.001474759,    2.84E-04, 0.004623281, 0.002580701, 0.001255155
519,    2.90E-04, 0.007833624, 0.003402097, 0.002339847, 0.007773227, 0.006468174, 0.005841509
520,    7.75E-04,   0.0083141, 0.005131735, 0.005853788, 0.002385911,    6.02E-04, 0.005469273
521, 0.007958508, 0.005010502, 0.003391434, 0.004302374, 0.003286931, 0.003003605, 0.003485688
522, 0.007774816, 0.001910842, 0.002985325, 0.009651708, 0.004294431, 0.007262433, 0.002199993
523, 0.003568889, 0.007232233, 0.003706321, 0.007306973, 0.001717345, 0.005576165, 0.003139236
524, 0.001942277, 0.001446853, 0.007035602, 0.002869904, 0.005969982,    3.79E-04, 0.003454106
525, 0.004971065, 0.007985036,    7.63E-04,  0.00281172, 0.006797535, 0.005334119, 0.009448865
526,  0.00558448, 0.003428689, 0.002688801, 0.009713125, 0.005777568, 0.005420654, 0.001035303
527, 0.003367989, 0.008559937, 0.009443006, 0.003837778,    2.67E-04,  0.00710201, 0.005126678
528, 0.006087072, 0.007628835,    9.54E-04, 0.008764255, 0.004964522, 0.003439062, 0.007104529
529, 0.003380789, 0.007930426, 0.006592488, 0.002708945, 0.005132701,  0.00518939, 0.001419592
530, 0.005423799, 0.007994324, 0.008689839, 0.005765355,  0.00324121, 0.002256057,  0.00908257
531, 0.009888663,    7.89E-04, 0.007485076, 0.005393263, 0.008107508, 0.003161674, 0.007288999
532, 0.009556509, 0.006336034, 0.001526214, 0.001474841, 0.009413927, 0.006442695, 0.006979088
533, 0.001010066, 0.009296552, 0.002704478,    4.34E-04, 0.002569493, 0.006891767, 0.006540367
534, 0.006678192, 0.002391249, 0.008737593, 0.003177916,    1.59E-04, 0.003666932, 0.004392264
535,     0.00794, 0.008552414, 0.007755608, 0.001094566,    4.35E-04, 0.007706431, 0.007138186
536, 0.006560528, 0.002088046, 0.008174401, 0.007218205,  0.00745458, 0.006185082, 0.009215873
537, 0.004827003, 0.005028442, 0.009857819,    8.87E-04, 0.003605677, 0.007438512, 0.004316994
538,   0.0086387,    3.13E-04,    3.33E-04, 0.003022623, 0.007698662, 0.001549756, 0.003439866
539, 0.007464112, 0.006446038, 0.007385332, 0.001101275, 0.006752445, 0.008962684, 0.006950059
540, 0.008948725,    3.23E-04, 0.007002691, 0.001167241, 0.007267008, 0.002704517,    7.29E-04
541, 0.009501449, 0.003968589, 0.005534773, 0.005738892,    8.45E-04, 0.006564657, 0.004778063
542, 0.001143826, 0.003481279, 0.003033924,    4.56E-04, 0.009752848, 0.005438708, 0.006070688
543, 0.002103545, 0.006789004, 0.004491844, 0.003836234, 0.005634278, 0.007976877, 0.006563983
544, 0.003042746, 0.006336714, 0.001333306, 0.002353345, 0.006966462, 0.008312055,  0.00953996
545, 0.004630259,   0.0018169, 0.002827792, 0.001388084, 0.002842669,  0.00978154, 0.006779358
546, 0.001459515, 0.007419179,  0.00602045, 0.007736075, 0.006944448, 0.003473319, 0.009902897
547, 0.003893224, 0.009295208, 0.002489648, 0.007858086, 0.005660295, 0.006276649, 0.001011789
548, 0.006354731,    5.86E-04, 0.006897612, 0.007354416, 0.008729236, 0.004855039,  0.00769421
549,    9.26E-04, 0.008849875, 0.002683156, 0.003884525, 0.003873594, 0.007934391, 0.009603533
550, 0.003025642, 0.001458993,   4.1609726, 0.006847885, 0.001977769, 0.005810396, 0.008728241
551, 0.001817124,    2.17E-04,   4.1201124, 0.003575322, 0.003978029, 0.003833263,    9.94E-04
552, 0.003477425,  0.00643174,    4.195272, 0.002144592, 0.003969603,    8.70E-04,    4.97E-04
553, 0.002037805, 0.002180701,   4.1703954, 0.003495934, 0.005528713, 0.005464951,  0.00347607
554, 0.006121177, 0.002049519,    4.101148, 0.005751018, 0.002201301, 0.004660822, 0.006217539
555, 0.007565528,  0.00106892,    4.169372,    8.26E-04, 0.006082925,    1.22E-04, 0.008414261
556, 0.005324079, 0.005124777,    4.113501, 0.007233601, 0.005337318, 0.005567274, 0.005559219
557, 0.005996069, 0.003359508,    4.117271,    3.97E-04, 0.008917551, 0.006645189, 0.003026768
558, 0.008361565, 0.008880461,   4.1625123, 0.007225968,  0.00216766, 0.007133797, 0.001443086
559, 0.003361964, 0.003038625,   4.1426105, 0.007612456, 0.008514913, 0.006122929, 0.004297991
560, 0.009226418, 0.007495472,    5.73E-05, 0.007913049, 0.008698242, 0.007798633, 0.008296978
561,  0.00850754, 0.003568132,  0.00267565, 0.005195508, 0.006072917, 0.004565725, 0.002071707
562, 0.004240637, 0.004711855,    8.20E-04,    2.10E-04, 0.009338698,    1.05E-05, 0.006372686
563, 0.004199597, 0.002589125, 0.002443268, 0.002993945,    1.99E-04, 0.003601798, 0.002509402
564, 0.009166461, 0.002397451, 0.006083901, 0.009053919, 0.004090678, 0.005340862, 0.007159201
565, 0.009538205, 0.008556276, 0.002002004, 0.003681554, 0.009903951, 0.001617681,  0.00837381
566, 0.007665738, 0.002112801, 0.003150349,    3.57E-04, 0.009882541, 0.009446301, 0.007570133
567,    2.35E-04,  0.00665139, 0.003215106,  0.00326558, 0.008131605, 0.009912584, 0.009653416
568, 0.005623119, 0.008496321, 0.004772576, 0.002464001, 0.008917638, 0.002894661,  0.00188954
569, 0.004731197, 0.003796089, 0.008153123, 0.004302808, 0.003733635, 0.002599248, 0.003260864
570, 0.009608565,  0.00356549, 0.004346936, 0.009335706, 0.008745558, 0.003414428, 0.004854503
571, 0.004433409, 0.002078364,  0.00384643, 0.005153497, 0.009012274,  0.00195211, 0.009512089
572, 0.003157014, 0.008460873, 0.008441364, 0.004315958, 0.009340293, 0.006254847, 0.001627243
573, 0.004279956, 0.007099697, 0.005029501, 0.009410604, 0.004083814, 0.002408324, 0.003138046
574, 0.004605537, 0.005579974, 0.005404023, 0.001111082, 0.008856162,    4.57E-04, 0.008625726
575, 0.005841136, 0.003781124, 0.004667626, 0.002756535,    2.87E-04, 0.001673932, 0.009230322
576,    9.37E-04, 0.003023624, 0.009073692,    5.96E-04, 0.006980454,  0.00506684, 0.006569559
577, 0.003876417, 0.001149363, 0.001044723, 0.007313564, 0.003935183, 0.009550175, 0.008027697
578, 0.004890355, 0.002592083, 0.009651816, 0.008097008, 0.008428639, 0.004999659, 0.004956471
579,    8.47E-05, 0.009137994, 0.004634734,  0.00642844, 0.001824568, 0.007816047, 0.004283421
580, 0.006930223, 0.006723171, 0.007294804, 0.009901171, 0.007620037, 0.007495964, 0.007281294
581, 0.005293711, 0.002032474, 0.005505833,  0.00159648, 0.008191698, 0.004394138, 0.006302313
582, 0.009427735, 0.002481339, 0.003618642,    6.79E-04, 0.002884012, 0.007105223,  0.00338046
583, 0.005850806, 0.002879161, 0.009462012, 0.001684671, 0.003196511, 0.004167651,    1.06E-05
584,    4.30E-04, 0.007423967, 0.008218346, 0.005224117, 0.006602978, 0.006981374, 0.009535724
585, 0.008039862, 0.001953681, 0.007074982, 0.007024343, 0.008518262, 0.007255958, 0.004747395
586, 0.007041115, 0.002547672,    6.04E-04,    1.29E-04, 0.008891339, 0.003123896,   0.0065749
587, 0.009198851, 0.006698208, 0.006983934,  0.00454832, 0.001163479, 0.003811899, 0.009188316
588, 0.009992111,  0.00792989, 0.007223128, 0.009623259, 0.002100217, 0.004029627, 0.009807406
589, 0.008333374, 0.004814048, 0.002843531, 0.007650077, 0.001097556, 0.005962448, 0.008999029
590, 0.008188492, 0.002725194, 0.001023298, 0.007410613, 0.002456576, 0.003176748, 0.003839815
591, 0.006591983, 0.001328297,    8.02E-04, 0.006517194, 0.007589044, 0.001330437, 0.007742977
592, 0.004680328,    1.66E-04,    3.31E-04, 0.004856889, 0.002290892, 0.004723619, 0.007211269
593, 0.007403594, 0.002302192, 0.001832998, 0.002480926, 0.008166282,  0.00557272, 0.001246757
594, 0.008739333, 0.001688258,    6.64E-04, 0.008772939,    8.48E-04, 0.001867002, 0.001419606
595, 0.002500446, 0.005744554, 0.005275455, 0.007539223, 0.009519167,    9.42E-04, 0.004269646
596, 0.005780404,    5.00E-04, 0.008908514, 0.007193751, 0.005842987, 0.002280807, 0.001793682
597, 0.007808171, 0.005534933, 0.007957964, 0.007232227, 0.002443082, 0.004385318, 0.009875509
598, 0.001341873,  0.00131945, 0.003516523, 0.003394413, 0.009442511, 0.009981405, 0.002292295
599, 0.008341862, 0.008515557, 0.007848336, 0.009025908,    6.44E-04, 0.007969774, 0.003522021
600, 0.003862756, 0.008801929, 0.006891379,    6.74E-04, 0.006844259, 0.008590347, 0.006630024
601, 0.004086873, 0.003115079,  0.00464422, 0.007308645, 0.002749794,    2.53E-04, 0.009441057
602, 0.005643913, 0.005761139, 0.009782335, 0.008597405, 0.009325437, 0.007261067, 0.006069432
603, 0.006367426,    1.26E-04, 0.008594438, 0.001013611, 0.006765092, 0.003898488, 0.009481082
604, 0.002202356, 0.003827114,    6.74E-04, 0.005093946, 0.005539329, 0.009191979, 0.002169621
605, 0.002635501,    7.42E-04,  0.00639115, 0.007201776, 0.009254751, 0.009558362, 0.009031681
606, 0.007741568, 0.002961664, 0.002082771, 0.004395222, 0.009626447, 0.009572746, 0.006104763
607, 0.004886568, 0.002325983, 0.001660997, 0.008100071, 0.007235628, 0.001571144, 0.009985381
608, 0.002151929, 0.003389896, 0.007146458, 0.003939436, 0.004871421, 0.007630179, 0.005692722
609, 0.005185586,    2.12E-04, 0.001600579,  0.00497936, 0.007831171, 0.007966246,   0.0026644
610,   7.0093884, 0.009254172, 0.003688277, 0.001280878,    2.15E-04, 0.008001038, 0.005802317
611,    7.003692, 0.001246621, 0.009056027, 0.007738605, 0.009627347, 0.006824003, 0.002220847
612,    7.017684, 0.009669074, 0.004167434, 0.006345421, 0.009907293, 0.003525338, 0.006605546
613,   7.0630054, 0.006801107, 0.005964974, 0.007465139, 0.005025725, 0.007283628, 0.006897374
614,     7.00894, 0.001070589, 0.001881882, 0.003265768, 0.005406077, 0.002508867,  0.00944465
615,    7.094183, 0.005112126, 0.003907604, 0.001865026, 0.006094991, 0.006022339, 0.006619825
616,   6.9295554, 0.007749389,    1.31E-05, 0.007004048, 0.002741497, 0.003049376, 0.009598221
617,    7.031786, 0.003576986, 0.006616111, 0.002069777, 0.008071786, 0.006388145, 0.008310737
618,   7.0637946, 0.002395161, 0.007262655, 0.002209219, 0.007817043, 0.008878125, 0.004629572
619,    7.009896,  0.00495344, 0.007952102, 0.008662395,  0.00707012, 0.005575799, 0.005908555
620,   7.0145507, 0.009233157,  0.00398708, 0.008671283, 0.009431173,    7.76E-04, 0.002426801
621,    6.964932, 0.009236603, 0.004081032, 0.005032041, 0.008258818, 0.006276231, 0.006916365
622,   6.9104333, 0.002001442, 0.005941202,  0.00945055,  0.00345324, 0.004644277, 0.003608735
623,   7.0043654, 0.007693943, 0.006572595, 0.005536309, 0.001010453,  0.00955958, 0.006169246
624,     7.06113, 0.002411921, 0.009513415, 0.003623673, 0.007905165, 0.008100174, 0.003254347
625,   6.9096303, 0.002495646, 0.001875293, 0.003065783,    7.84E-04, 0.009794483,    9.03E-04
626,    7.085896,    8.94E-04, 0.006158891,  0.00666353, 0.004441213, 0.007678179, 0.009464081
627,    6.926776, 0.005412044, 0.004210623, 0.007078472, 0.007964489, 0.005054159, 0.007847332
628,    7.035598, 0.006084017, 0.003569224, 0.003040357, 0.006621321, 0.005566622, 0.004097407
629,   7.0670433,    9.61E-04, 0.002284249, 0.006082121, 0.009962709, 0.005574433, 0.003404378
630,   7.0835295, 0.007687078, 0.003880054, 0.009698768, 0.004643691, 0.009945328,    1.38E-04
631,   6.9846573, 0.002443768, 0.003413928, 0.002938925, 0.009681817, 0.001740134,  0.00663649
632,   7.0564976, 0.005637125, 0.002305555, 0.006850267, 0.003013423, 0.004568848, 0.001973039
633,    7.054604, 0.005744098, 0.001541261, 0.002767486, 0.005368927, 0.003083225, 0.003205748
634,    6.963243, 0.007916659, 0.003361496, 0.006962828, 0.005618556, 0.008787217, 0.008852094
635,    6.963336, 0.003287721,  0.00215979,    1.07E-04,  0.00990772, 0.002646076, 0.007113401
636,   7.0156736, 0.007485588, 0.002126809, 0.001086496,  0.00847427, 0.007880888, 0.007827866
637,   6.9152946, 0.004840913, 0.008207493, 0.008347088, 0.002093596, 0.001532849, 0.008448226
638,   7.0586348, 0.002447255, 0.008596242, 0.007603528, 0.006060223, 0.008821387, 0.003399501
639,    7.003536, 0.009011056, 0.006407958,  0.00212146,  0.00534639, 0.006746088, 0.005871245
640, 0.001660427, 0.001360482,  0.00836118, 0.005229169, 0.002764003, 0.008480698, 0.005254476
641, 0.003365155, 0.008509586, 0.005091102, 0.004849652,  0.00688591, 0.009658087,  0.00550386
642, 0.005292283,    2.92E-04, 0.009858476, 0.004429094, 0.006972874, 0.009246291, 0.009198309
643, 0.003521265, 0.008028979, 0.008089202, 0.004175517,    5.60E-04, 0.001340135,  0.00571532
644, 0.005809274, 0.009296137, 0.009953174,   0.0083952, 0.005312867,  0.00201929, 0.006361791
645, 0.004216739, 0.008519053, 0.007514353, 0.008613107, 0.001434462, 0.006078475, 0.004213271
646, 0.002825249, 0.002208171, 0.006344284, 0.002084545,  0.00737384, 0.003963946, 0.001811188
647, 0.007078446, 0.008741587, 0.002924916, 0.007994737, 0.008793776, 0.002824005, 0.008236176
648,  0.00571672, 0.005439986, 0.008345625,    5.48E-04, 0.003905142,    1.39E-04,    9.65E-04
649,  0.00592095,    2.22E-04, 0.009145419, 0.007632233, 0.004489635, 0.001102105, 0.005655569
650,    8.15E-04, 0.003431467, 0.001107806, 0.002541904, 0.001311721,   4.0138783, 0.003913921
651, 0.003560159, 0.006560729, 0.007600186, 0.003671204, 0.005367705,   3.9309804, 0.008765064
652, 0.006031087, 0.002033353, 0.001892471, 0.003149733, 0.002686099,   3.9955945, 0.007496065
653, 0.001745905, 0.001925345,    9.57E-04, 0.002648129, 0.005904155,   4.0458426, 0.009526396
654,    6.20E-04, 0.006874474, 0.008135052, 0.007431496, 0.006407684,   3.9203851, 0.009395612
655, 0.004019348, 0.006345818, 0.001877158, 0.007424698,    8.87E-04,    4.035424, 0.005343497
656, 0.009379456,  0.00406896,  0.00375484, 0.002876806,  0.00132638,    3.950804, 0.009712738
657, 0.004856214, 0.009978154, 0.009159331,    6.16E-04, 0.007983327,   3.9161887, 0.005045903
658, 0.006870218, 0.001959417, 0.003477663,    1.50E-04,  0.00698971,   3.9829519, 0.003417343
659,    5.64E-04, 0.003191471, 0.008237523, 0.004456789, 0.008034608,    4.025853, 0.001903131
660, 0.006385798, 0.008226675, 0.001281874,  0.00212892, 0.005508293,   4.0006676,   0.0023892
661, 0.007403418,    4.06E-04, 0.004168216, 0.007358821, 0.002788467,    3.953967, 0.002101688
662, 0.009011192, 0.009095925, 0.002886511,    2.53E-05, 0.001188371,   3.9344234, 0.001835964
663, 0.001377236, 0.009871055, 0.009582386,  0.00470919, 0.008204753,   4.0072627, 0.005354161
664, 0.001868804,    7.22E-04, 0.008364012, 0.001148109, 0.005666094,   3.9388657, 0.001727925
665, 0.007326806, 0.008732184, 0.004842122, 0.007835549, 0.008226468,   3.9514956, 0.008052407
666, 0.008564835, 0.005553417, 0.007340091, 0.006105771, 0.001099066,    4.057697, 0.006417267
667, 0.004451696, 0.008039145,  0.00439471, 0.006417411, 0.002617871,   3.9190342, 0.006719864
668,  0.00401477, 0.003674028, 0.009170285, 0.008548826, 0.006117394,   4.0496273, 0.002212599
669, 0.002279617, 0.008902348,    2.99E-04,   0.0074818,    8.85E-04,   3.9521644,    2.76E-04
670,  0.00574216, 0.005170893, 0.005255243, 0.009354131, 0.008289452,   3.9428656, 0.003717875
671, 0.008453371, 0.002532166,  0.00858402, 0.007868353, 0.006929107,   4.0059958, 0.007831865
672, 0.002900969,    5.03E-04, 0.002042526,    8.25E-06,    3.65E-04,    4.072218, 0.001048769
673, 0.004597522, 0.009942272,  0.00567271, 0.006591695, 0.009640478,    4.092643, 0.005142092
674, 0.006623044, 0.001973397, 0.005997812, 0.009193448, 0.003542157,   3.9520104, 0.005407765
675, 0.002867972, 0.003780353, 0.003984979, 0.001725544, 0.008606336,   3.9812915, 0.007415184
676, 0.002762501, 0.007720177, 0.006118208, 0.008740483,    4.32E-04,    4.035102, 0.004199395
677, 0.006665804, 0.005102883, 0.008129116, 0.001613866, 0.001056779,   3.9387887,    6.22E-04
678, 0.003090761, 0.006328893, 0.003578453, 0.003442403, 0.009771672,    4.004226, 0.006135412
679, 0.009227333, 0.002455481, 0.005170906, 0.008678299, 0.002583953,   4.0050144, 0.003644046
680, 0.008850718, 0.003255405,    4.90E-04, 0.006193015, 0.008598338,    3.903322, 0.004321392
681, 0.002418555,  0.00284287, 0.005378133, 0.002605695, 0.005554342,    4.039704,  0.00221656
682, 0.002136372,  0.00178123, 0.002123837,   0.0097122,    5.41E-04,    3.925683, 0.001805113
683,    8.16E-04, 0.003027628, 0.008870257, 0.008001193, 0.002854128,    4.086353, 0.004438902
684, 0.004623876,    1.74E-04, 0.006383498, 0.007155873, 0.008886747,    4.080484,    6.46E-04
685,  0.00801768, 0.002008594,    7.56E-04, 0.004885897, 0.002178483,   3.9987998,    3.03E-04
686, 0.009008994, 0.001134325, 0.005856121, 0.001308195, 0.003524723,    4.023008, 0.006341152
687, 0.009788998, 0.008890604, 0.003838563, 0.001877752, 0.005753291,   4.0320272, 0.001902067
688, 0.008340769, 0.009317778, 0.006947647,    1.63E-04, 0.003007405,   3.9858296, 0.004016228
689,  0.00301146,  0.00502842, 0.006742228, 0.005162255, 0.009632419,    4.066391, 0.001322479
690, 0.009986782,  0.00173966, 0.005893593, 0.001587307, 0.008636058,   3.9329934, 0.008656022
691, 0.008104086, 0.001139449, 0.003540234, 0.008047418, 0.004734792,    4.010098, 0.003353818
692, 0.009895637, 0.004980951, 0.006797654, 0.001694342, 0.001326091,   3.9872472, 0.006918006
693, 0.002461871, 0.002830877, 0.002489496, 0.008085121, 0.001981351,    4.095255,  0.00554536
694, 0.005279784, 0.002253627, 0.004203016,  0.00756802, 0.004315164,   3.9776225, 0.003620003
695, 0.002077272, 0.005944799, 0.009434133, 0.001477364, 0.006389389,   3.9757533, 0.008432771
696, 0.008937769, 0.004269706, 0.004440996, 0.001244789,  0.00367514,   3.9126549, 0.008366324
697,    6.57E-04, 0.003526148,    6.12E-04, 0.008288631, 0.009126563,   4.0687585,    3.45E-04
698,    7.50E-04, 0.006383218, 0.001489239, 0.006373009, 0.002736177,    4.010618, 0.001346981
699, 0.009719485, 0.001767676, 0.009033749,    3.41E-04, 0.003383448,   4.0144787, 0.009663783
700, 0.003961765, 0.003270678,  0.00513735, 0.003841632, 0.007535533,    3.985056, 0.007024228
701, 0.008087742, 0.003657948, 0.004061145,  0.00553043, 0.004775072,   3.9105694,    8.16E-05
702,  0.00874282, 0.003328011,    7.00E-04, 0.006805087, 0.005345215,    4.080208, 0.008066468
703, 0.005292784, 0.007394649,    2.27E-04, 0.004601367, 0.001830385,     4.09805,   0.0027736
704, 0.009134504, 0.001554798, 0.009606415, 0.007014683, 0.002260436,   3.9306617, 0.002832139
705, 0.005375637, 0.006037934, 0.005466796, 0.006526983, 0.008194794,   3.9156237, 0.001798532
706, 0.003381348, 0.009753333, 0.001155865, 0.003015415, 0.004262397,   3.9525194, 0.009244361
707, 0.006746515, 0.004947101, 0.001594677, 0.006956908, 0.008394149,   4.0200777, 0.002848914
708, 0.001142464,    8.92E-04,   0.0052959,    6.14E-04, 0.007590639,   3.9948242,  0.00779843
709,    7.67E-04, 0.001817382, 0.008772574, 0.006505443,    5.47E-04,   3.9039521, 0.009945111
710,  0.00414455, 0.004193986,    7.60E-05, 0.007818597, 0.002627099,   4.0409975, 0.001445042
711, 0.008851702, 0.008629672, 0.007648976, 0.005791273, 0.006144194,    3.980375,  0.00318345
712, 0.002298075,  0.00433726, 0.001658358,    1.76E-04, 0.002729877,   4.0671353,    3.98E-04
713, 0.001697162, 0.006530927, 0.006423654,  0.00635431, 0.002028674,    4.092115, 0.003340377
714, 0.003495065, 0.001789805, 0.008489249, 0.009742483, 0.007952288,   3.9694624, 0.003695027
715, 0.007947637,    3.18E-05, 0.008054489, 0.008109399, 0.007839623,    4.021204, 0.005350148
716, 0.008536429, 0.008059498, 0.009059334,  0.00779772, 0.008703134,   4.0648856, 0.005258554
717, 0.005740946,    3.65E-04, 0.004694526, 0.007553987, 0.002429362,   3.9014208, 0.003475352
718, 0.009667002, 0.005193838,   0.0071453,    3.71E-04, 0.006977621,    4.059901, 0.001813426
719, 0.003247894, 0.004282586,    9.41E-04, 0.007201287,    9.16E-04,    4.083496, 0.001661475
720, 0.001763679,    4.63E-04, 0.002550699, 0.008661543, 0.001613579,   3.9531896,    5.02E-04
721, 0.002004465, 0.001856611, 0.005035725, 0.006804655, 0.005031585,    4.077759, 0.005110543
722, 0.004531299, 0.006370843, 0.005134884, 0.006948262, 0.008372321,   4.0808206,    3.17E-04
723, 0.004623673, 0.008282996, 0.002433695, 0.004984169, 0.009980588,   4.0474396, 0.004745332
724, 0.005286087, 0.001218839, 0.006791772, 0.006481785,  0.00774389,   4.0904274, 0.009189066
725,    7.25E-04,  0.00162798,    5.37E-04, 0.005442698,  0.00202326,   3.9848049, 0.007904269
726, 0.008690125, 0.003818269, 0.009438168, 0.009551876,    9.38E-04,   4.0179496, 0.006088241
727, 0.007690582,   0.0026009,  0.00745756, 0.002615135,    9.57E-05,   3.9493494, 0.003466004
728, 0.008753733, 0.006888891, 0.006887262, 0.007214739, 0.003215256,    3.979263,  0.00891085
729, 0.006450819, 0.008577997, 0.003761235, 0.005348272,  0.00879011,   3.9504995, 0.001528799
730,  0.00162597,    4.94E-04, 0.007577932, 0.002438595, 0.009695339,   4.0363255, 0.006010445
731, 0.003870665, 0.002413037,    7.54E-04, 0.005046529, 0.007531838,   4.0255404, 0.009859018
732, 0.005195499, 0.009761089, 0.001834792, 0.007366634, 0.001122491,   3.9763408, 0.004504126
733, 0.008758108, 0.005237358, 0.005305171, 0.003095416, 0.004577959,     4.09614, 0.006389496
734, 0.003842341, 0.009423374,  0.00794629, 0.005371172,    4.21E-04,   3.9912608, 0.007232942
735, 0.005884708,    1.15E-04, 0.001861315, 0.005713994, 0.004025136,    3.923957, 0.008125766
736, 0.007301981, 0.002456717, 0.002636191, 0.001179588, 0.007706196,    4.067869, 0.003337394
737, 0.003938554, 0.001684631,  0.00146402, 0.007582429, 0.008080675,    3.958069, 0.007657834
738,    4.82E-04, 0.006589147, 0.003203815, 0.002905445, 0.004797503,    4.015415,  0.00361706
739, 0.007850532, 0.002890319,  0.00355575, 0.006502113,  0.00585227,   3.9455955, 0.004048168
740, 0.003130612, 0.002690931, 0.005925472, 0.009850447, 0.006203048,    4.053655,    4.46E-04
741, 0.001559508,  0.00857047, 0.004363003, 0.003304083, 0.008511349,   4.0238647, 0.001862376
742, 0.001893988,  0.00426415, 0.001417507,  0.00770643, 0.003399479,   4.0601873, 0.005247606
743, 0.003821188,  0.00265414, 0.009957016, 0.005525204,    2.58E-04,   3.9303074, 0.001435623
744, 0.002862306,    3.63E-04, 0.006202839, 0.005752202, 0.002532838,   3.9987464, 0.002105873
745, 0.001152748, 0.009375108, 0.008814851, 0.001788557, 0.005653674,   4.0481105, 0.002752478
746, 0.006047874, 0.002458801,  0.00730913, 0.007997056, 0.002229366,   4.0018415, 0.009660183
747, 0.009192714, 0.003309706, 0.008105708, 0.001090863, 0.008926055,   3.9853518, 0.001405952
748, 0.008131548, 0.002873248,   0.0054378, 0.005379582,    9.36E-04,   4.0096974, 0.001172317
749, 0.006613728,    4.22E-05,   0.0070141, 0.007520805, 0.006267543,   4.0872183, 0.006557726
750,    5.48E-04, 0.001586713, 0.002128024, 0.009213738,    4.22E-04,    4.036296, 0.003640289
751, 0.005944233, 0.001274825, 0.005403478, 0.004481456, 0.001291674,    4.070103,    4.29E-04
752, 0.003781918, 0.004210437,  0.00791587, 0.006429907,    6.76E-05,    4.071572,  0.00567596
753, 0.009141913,    5.87E-04, 0.004960479, 0.001910409, 0.009037229,   3.9984581, 0.006111783
754, 0.008310399, 0.005832788, 0.005242554, 0.005851122, 0.002115796,   3.9811869, 0.003092696
755, 0.005143979, 0.009633206, 0.004799265, 0.006893839, 0.009502132,   4.0966167, 0.004125814
756, 0.008666611, 0.008972863,    7.52E-04, 0.007057219,    8.85E-04,   4.0421467, 0.003790088
757, 0.003742633, 0.008168939,  0.00322463, 0.009535783, 0.006002547,    4.085255, 0.008592536
758,    6.85E-04,  0.00402143, 0.003561961, 0.001324068, 0.004283191,   3.9798372, 0.005559641
759, 0.008562939, 0.004139951,    4.71E-05, 0.007020138, 0.001834075,    4.083288, 0.005819032
760, 0.007318609,  0.00398986, 0.006481245, 0.008902174, 0.006932885, 0.005861724, 0.003323761
761, 0.009437867, 0.004452356, 0.009327551, 0.005007932, 0.005102811,  0.00400806, 0.002851147
762, 0.005002216, 0.003034634, 0.006355453, 0.001458159, 0.004539408, 0.009489383, 0.005483971
763, 0.005583589,    6.06E-04, 0.004737341, 0.005332531, 0.002259211, 0.009780319, 0.001768017
764, 0.007957717, 0.007704918, 0.003557384,    2.12E-06, 0.005331467, 0.002546236,   0.0023858
765,   0.0093978, 0.001837672, 0.009600922, 0.006345795,  0.00609036, 0.003492126, 0.009460804
766,    1.10E-04, 0.008019131, 0.002927933,    9.41E-04,  0.00863828, 0.007872123, 0.006268454
767, 0.001874331, 0.007919706,  0.00111854, 0.009152532,    7.08E-04, 0.001991244, 0.008901184
768, 0.004381768,    8.78E-04, 0.003458801, 0.009125259, 0.002927232, 0.008043739, 0.009787275
769, 0.004206973, 0.003363021, 0.004928612, 0.001741531,    6.35E-04, 0.002186725, 0.009711665
770, 0.003532886,  0.00374875, 0.008941867, 0.001722264,  0.00646221,    9.55E-04, 0.005575026
771, 0.002521008, 0.009149519,  0.00797734, 0.009040358, 0.001363486, 0.007801305, 0.005670834
772, 0.009806902, 0.001513141, 0.009390672, 0.009449705, 0.006629041, 0.007902845,  0.00911165
773, 0.009418267, 0.009708123, 0.007240437, 0.001017921, 0.006941694,    2.03E-04, 0.008811711
774, 0.007367488, 0.002572604, 0.003942361, 0.007955043, 0.007868674, 0.001004277, 0.001137856
775, 0.004465029, 0.004759137, 0.001035453, 0.001932548, 0.005028233, 0.003448453, 0.002408566
776, 0.009676827, 0.002202339, 0.001316098, 0.006822757, 0.009984508, 0.002420676, 0.009180537
777, 0.007424948, 0.003817882, 0.002037361,    9.41E-04, 0.009646714, 0.007120668, 0.003523908
778,  0.00694575, 0.006381634, 0.007847566, 0.003586449, 0.005740141, 0.002187284, 0.003631662
779, 0.001193345, 0.007045242,  0.00444794, 0.009786059, 0.006286223, 0.006024582, 0.004248575
780, 0.007853647, 0.009293126, 0.005219036, 0.006087614, 0.009499022, 0.007470712, 0.005879368
781, 0.003495437,  0.00917914, 0.006573116, 0.004853188, 0.007127515, 0.001734374, 0.005378293
782, 0.006668929, 0.002965556, 0.007809189, 0.006198374, 0.003008352,    8.87E-04,    8.42E-04
783,  0.00665876, 0.003370329, 0.008052391, 0.004254681, 0.006751393, 0.001402572, 0.007313084
784, 0.006432849,    4.51E-04, 0.001114221, 0.008154231, 0.004094618, 0.003027442, 0.005981105
785, 0.006567409, 0.001739304, 0.003600366, 0.001816749,    6.85E-04, 0.005999161, 0.007443298
786, 0.001206099, 0.001009135, 0.008927849, 0.004089734, 0.003285197, 0.007640109, 0.003525253
787, 0.005379709, 0.007698924,  0.00202026, 0.008128638, 0.002248436, 0.005680214, 0.007418656
788, 0.003692641,    2.78E-04,  0.00436799,    6.18E-04, 0.009435697, 0.001815497, 0.002717415
789, 0.007087321, 0.007848104, 0.006810255, 0.008654834, 0.003299566, 0.009636939, 0.005423823
790, 0.007491171,  0.00279123, 0.002825707, 0.002946083, 0.001031317, 0.007065249,   0.0079316
791,  0.00157687, 0.005303411, 0.008501125, 0.002910878,  0.00423177, 0.002380731,    6.41E-05
792, 0.007392924, 0.002687941, 0.008380235, 0.005794139,  0.00561614, 0.006106651, 0.005395629
793, 0.006808359, 0.001433889,  0.00625241, 0.009859163, 0.009863219, 0.006776298, 0.002574286
794, 0.003625187, 0.009401966, 0.007033802,   0.0037232, 0.006929819, 0.009450486, 0.002970889
795, 0.002049683, 0.004304919, 0.008727582, 0.008983574, 0.004159815, 0.005510875,    9.00E-04
796, 0.001781733, 0.003702721, 0.003601551, 0.002038498, 0.001907478, 0.002221249, 0.001346062
797, 0.009024312, 0.002893357,    1.18E-04, 0.005405874, 0.005900087, 0.009319212, 0.002573074
798, 0.004902062, 0.009982855, 0.005544146, 0.004592228, 0.007306373, 0.005926336, 0.001470078
799, 0.005279033, 0.009951085,  0.00386294,    3.36E-04, 0.003886993, 0.009876464, 0.007256726
800, 0.006247082, 0.009247432, 0.008220962, 0.007163208, 0.005910344, 0.009761365, 0.007908135
801,  0.00221879, 0.009878781, 0.003302666, 0.004995547, 0.007872134,  0.00349825, 0.005100507
802, 0.004724819, 0.004121646, 0.006706674, 0.006952167,  0.00304825, 0.008337791, 0.004852554
803, 0.002963074, 0.003206296, 0.008625827, 0.009779966, 0.005419109,  0.00479152, 0.003624072
804, 0.001569721, 0.009366915, 0.009658444, 0.006634716, 0.006531498,  0.00601117, 0.005025068
805, 0.005548669, 0.006309297, 0.003133471, 0.009160654, 0.005152899, 0.006292675, 0.005395665
806, 0.009165676, 0.005098129, 0.008918763,  0.00861122,  0.00352372, 0.005056758, 0.008905194
807,  0.00985136, 0.004341368,   0.0084153, 0.002971588,  0.00959845,  0.00549101, 0.007222591
808, 0.006187381,  0.00306729, 0.003232786, 0.004054472,    7.26E-04, 0.005285688, 0.005315741
809,    9.58E-04,    5.13E-04, 0.008558883, 0.003044566, 0.001699537, 0.007014438,   0.0015381
810, 0.008347157, 0.001179071, 0.007260075, 0.006271707, 0.004489529, 0.005040469, 0.005065028
811, 0.003338165, 0.004758446, 0.003286956,    3.88E-04, 0.005443149, 0.008168508, 0.004003445
812, 0.009773675, 0.006708936, 0.005049173, 0.007175361, 0.002901661, 0.008292344, 0.008228614
813, 0.004029912, 0.006423814,    9.38E-04, 0.007455077, 0.004328052, 0.006455095, 0.001608663
814, 0.005682754, 0.002599923, 0.005368078, 0.004423937, 0.005898025, 0.004443419, 0.006862666
815, 0.005809072, 0.006273223, 0.005695046, 0.005677566, 0.009961074, 0.009608937,    5.34E-04
816, 0.004764892,  0.00353468,    2.62E-04, 0.009396153, 0.003266814, 0.007790402, 0.008056497
817, 0.003947028, 0.003213264, 0.002356771, 0.004031751, 0.004311422, 0.001502286, 0.007229397
818, 0.007314469, 0.003247887, 0.006429679, 0.008662666, 0.005876818, 0.003029843, 0.004802199
819,    2.06E-04, 0.006500417, 0.003417504, 0.006498608,  0.00229169,    8.73E-04, 0.003295551
820, 0.008235495, 0.002512841, 0.005418649, 0.004303265, 0.007249822, 0.003991579, 0.002202203
821, 0.002098299, 0.008627767, 0.001110329, 0.007040205, 0.009772216, 0.007089478,    2.66E-04
822, 0.008820917, 0.008375376,  0.00518196, 0.008285448,    9.53E-04,   0.0015107,  0.00503738
823, 0.002680946, 0.001849774, 0.004520298,    1.22E-04, 0.006000048,  0.00641273, 0.003915913
824, 0.006728239, 0.001207963, 0.004571546, 0.009393558, 0.002364727, 0.006240842, 0.006134017
825, 0.009024697,  0.00963472, 0.003661778, 0.003417782, 0.008030781, 0.009735274, 0.005694141
826, 0.004443481, 0.002924869, 0.009270117, 0.005815388, 0.009827758, 0.005743566, 0.007721476
827, 0.005565237, 0.005938679, 0.007594412,    6.28E-04, 0.009255273,  0.00536243, 0.006808351
828,  0.00528736, 0.009862753, 0.003279049, 0.004613836, 0.001619778, 0.006549599, 0.004956203
829,    4.39E-04,    7.46E-04, 0.007968266, 0.005243899, 0.009697015, 0.007758635, 0.005799347
830, 0.005689339, 0.009235595,  0.00320325, 0.009811534, 0.008689924, 0.009485818,  0.00986323
831, 0.009142698,    9.64E-04, 0.007813276, 0.007576075, 0.004471609,    5.41E-04, 0.004553859
832, 0.009023401,  0.00228297, 0.002465333, 0.001792206, 0.003699531, 0.005524182, 0.008443602
833, 0.005064644, 0.005595028, 0.004610436, 0.004794665, 0.009858223, 0.002523964, 0.008955445
834, 0.001219037, 0.008029474, 0.001478751, 0.001988318,    1.51E-04, 0.004080923, 0.004913987
835, 0.001962799, 0.002748004, 0.007610368, 0.007440801,  0.00677328, 0.002947388, 0.006187367
836, 0.001055801, 0.003462713, 0.005417605, 0.002413363, 0.009733765, 0.002140736, 0.006750726
837, 0.009986286,    9.81E-04, 0.009626051, 0.001765212, 0.006217468, 0.002775082,    2.85E-04
838, 0.008412561, 0.002638121, 0.009213609,    2.61E-04, 0.005451502, 0.001084612, 0.007141091
839, 0.006566515, 0.006790161, 0.009966198, 0.009051362, 0.004365157,  0.00519551, 0.004295871
840, 0.004634455, 0.004170724, 0.005930671, 0.003504351, 0.004483708, 0.005663333, 0.007804543
841, 0.003059317, 0.004682744, 0.006358477,   0.0051045, 0.009476308,    2.60E-04, 0.001457668
842, 0.008931748, 0.003434776, 0.008826019, 0.005868697,    5.70E-04, 0.002402157, 0.003110247
843,    6.04E-04, 0.002694154, 0.002420821,  0.00255122, 0.003549381, 0.006454196, 0.008527193
844, 0.009634038, 0.008939082, 0.003784006, 0.004649305, 0.006231156,    7.85E-04, 0.004626522
845, 0.006768472,  0.00885406, 0.002976216, 0.008206192,  0.00763276, 0.009425932, 0.002793133
846, 0.005958146, 0.007374367, 0.009953279, 0.005192255, 0.001274583, 0.002009953, 0.005304615
847,  0.00235391, 0.007839922,    9.92E-04, 0.008196824, 0.006723839, 0.004000093,  0.00573493
848, 0.004444945, 0.006053811, 0.005347653, 0.003341093, 0.004548663, 0.005794632, 0.001503285
849, 0.003654857, 0.009768914, 0.007602891,  0.00593551, 0.003179779, 0.006990538, 0.002693395
850, 0.009584315, 0.006421956, 0.006872027, 0.005302505,    4.07E-05,  0.00377401, 0.004050995
851, 0.004623285, 0.008083042, 0.005184877, 0.006504043, 0.003231558, 0.002482261,    5.50E-04
852, 0.003552304, 0.006242666,  0.00216211, 0.001004782, 0.008459021, 0.008221969, 0.002036588
853,    1.32E-04, 0.002083079, 0.004217773,  0.00514582,    4.41E-04,  0.00863249, 0.007193615
854, 0.009072845, 0.008464211, 0.003204436, 0.006607526, 0.009047595,  0.00125497, 0.003503521
855, 0.001919085, 0.003630744, 0.008205313, 0.004897466,    4.01E-04,  0.00141886, 0.004667498
856, 0.008799573,    7.89E-04, 0.008823686, 0.008092275, 0.009259866, 0.003026511, 0.009652143
857,  0.00313181, 0.001601858, 0.009645131, 0.006950037, 0.009473886, 0.009959524, 0.006156715
858, 0.006371219, 0.005050536, 0.007649092, 0.006260858, 0.008195336,  0.00770367, 0.005452872
859, 0.002623206, 0.002041088,    3.92E-04,  0.00809741, 0.005523883, 0.004308261, 0.008589965
860, 0.008475824, 0.009767762, 0.003430631, 0.003649416, 0.002494281, 0.004906937, 0.002133162
861, 0.002598096, 0.004815115, 0.005046444,  0.00906073, 0.003083617, 0.007224214, 0.002287502
862, 0.004381978, 0.001999924, 0.006867832,  0.00220823, 0.005270676, 0.007703261, 0.001184086
863,    6.90E-04, 0.007528341, 0.008666102, 0.009996987, 0.008868311, 0.009035674, 0.005919194
864, 0.002945895, 0.007020257, 0.009206686,  0.00269634, 0.002190908,  0.00879634, 0.006168263
865, 0.002323462, 0.006164748, 0.004362634, 0.009999178, 0.004582997,    3.43E-05, 0.004739974
866, 0.006036458, 0.001536555, 0.002489907, 0.009910046, 0.006993276, 0.006103309, 0.006498638
867,    1.04E-04, 0.006431426,    5.68E-04, 0.003736696,  0.00309726, 0.008992723, 0.007635571
868, 0.008560149,    3.05E-04, 0.004717513, 0.003638753, 0.007577085, 0.001007738, 0.005764814
869, 0.002094575, 0.005152454, 0.007124279, 0.003897431,  0.00590127, 0.003506764,    6.24E-04
870, 0.006206709, 0.008181632, 0.008462416, 0.001872376, 0.004725421, 0.005018302, 0.008346514
871, 0.009994319, 0.002813638, 0.008144469, 0.004076583, 0.005696883, 0.007501198, 0.002029982
872, 0.003035705, 0.002878537, 0.002331799, 0.007742344, 0.007986155, 0.007842625, 0.009677497
873, 0.005463979, 0.004975703,  0.00395586, 0.004978756, 0.008611657,    9.58E-04, 0.005191206
874, 0.007914031,  0.00513086, 0.002681031, 0.004152398, 0.007114154, 0.005727395, 0.003281615
875, 0.008898022, 0.005710672, 0.004550437, 0.001996077,  0.00816629,  0.00474357, 0.005155712
876, 0.005393514,  0.00644736,    2.53E-04, 0.003454413,  0.00563516,  0.00875822, 0.007738297
877, 0.009792961, 0.002397438, 0.009945907, 0.004600701, 0.004310625,    3.04E-04, 0.004877987
878, 0.007153898, 0.003286488,  0.00297761, 0.003974964,  0.00385863, 0.009314215, 0.008158869
879, 0.003197455,    5.30E-04, 0.004832496,   0.0057192, 0.008821702, 0.006451674, 0.006791027
880, 0.001865802, 0.005120177, 0.002556325,    4.63E-05, 0.008341688, 0.007409743, 0.004147907
881, 0.008458548, 0.005010075,  0.00383803,    9.81E-04, 0.005600323, 0.007853261, 0.006749412
882, 0.006955841, 0.001489711, 0.002121379, 0.008505145,    1.57E-04, 0.007824974, 0.002134038
883, 0.007227942, 0.001530924, 0.001824858, 0.005067914, 0.005099472, 0.007091293, 0.007968041
884, 0.005955931, 0.005559959, 0.004223756, 0.007677193, 0.005078765, 0.006042268, 0.007399859
885,  0.00930757, 0.006946976, 0.009718563, 0.002402847, 0.004677023, 0.002152137, 0.003145839
886, 0.001033236, 0.003813757, 0.009507935, 0.006667308,    1.85E-04, 0.006600109, 0.006107268
887,    9.60E-04,    1.67E-04, 0.008555098, 0.007188967, 0.006213399, 0.007204185, 0.008125432
888, 0.006037824,    8.65E-05, 0.004137535, 0.004544106,  0.00653421, 0.006802417, 0.001557562
889, 0.008567699, 0.007424616, 0.002534753, 0.008798786, 0.003217919, 0.007902068,  0.00157489
890,    5.52E-04, 0.008029882, 0.008665403, 0.003684507,    1.97E-04, 0.008249108, 0.001269005
891, 0.005505003, 0.005391692, 0.009921116, 0.001279646, 0.007929911, 0.004930478, 0.002881998
892, 0.007524693, 0.006941792, 0.008439722, 0.006285277,    5.46E-04, 0.007573336,   0.0020907
893, 0.005489818, 0.008266286, 0.009373105, 0.004178511, 0.004885525,  0.00583028, 0.007039553
894, 0.004156325, 0.008547978,  0.00959967, 0.001732655, 0.007511516, 0.009490153, 0.002362009
895,   0.0069807, 0.006731768, 0.008718806, 0.007955468, 0.008070478,   0.0055331, 0.007305037
896, 0.008716841, 0.005342315, 0.009508083, 0.008243048, 0.008427635, 0.009907111, 0.001401325
897, 0.009998006, 0.006763206, 0.004960727, 0.003330653,    3.33E-04,  0.00864245, 0.007091787
898, 0.001446241, 0.007260443,  0.00333066, 0.009762144,    7.56E-04, 0.003765641, 0.003665714
899, 0.005484983, 0.009146445, 0.004351433, 0.005357868, 0.004133729,  0.00998234, 0.004361953
900, 0.009955967, 0.002285615, 0.002106742, 0.007569762, 0.002778009, 0.002536999, 0.004531264
901, 0.003562932, 0.008871538, 0.002323199,    6.70E-04, 0.004099089, 0.005899431, 0.008933825
902, 0.003572411, 0.006782416, 0.002739247, 0.001135291, 0.009294072, 0.005171601, 0.006539341
903, 0.008095388,    2.65E-04, 0.006741154, 0.008992557, 0.003150519, 0.004332373, 0.003995456
904, 0.004668377, 0.003364369, 0.008003674, 0.009474394,    3.87E-04, 0.005797519,  0.00434132
905, 0.002391338, 0.004823842, 0.007940701,  0.00695206, 0.003208726, 0.001800672, 0.002860083
906, 0.001557048, 0.002583425, 0.009049437, 0.009261198, 0.005743096, 0.002803513, 0.006627674
907, 0.002898835, 0.005668452, 0.003090097, 0.005619295, 0.008543363, 0.005732969, 0.004952193
908, 0.008272183, 0.001059756, 0.003521292,    1.60E-04,  0.00530412,    6.37E-05, 0.007689051
909, 0.001838798, 0.004751106, 0.005089855,    8.86E-04, 0.008696556, 0.009437264, 0.007240793
910,  0.00329545, 0.003444975,  0.00691304, 0.008880304, 0.004921258, 0.009122921, 0.006538539
911,  0.00509363, 0.006358886, 0.001202835, 0.003281385, 0.009357358, 0.008468411, 0.009121556
912, 0.006753579, 0.001145186, 0.001097699, 0.008188939, 0.007029413, 0.005041364, 0.009805759
913, 0.001704863, 0.005866568,  0.00934189, 0.007396787, 0.003554738, 0.003095105, 0.007094168
914, 0.003999325, 0.003555525, 0.003144143, 0.004059097, 0.005411315,  0.00138877, 0.005943576
915, 0.006175243, 0.004480623,    8.41E-05, 0.009768291, 0.003762934, 0.004401973, 0.006705935
916,    9.85E-04,    9.27E-04, 0.005985017, 0.006148714, 0.007116044, 0.006398845, 0.003184634
917, 0.003759162,   0.0051551, 0.006408517, 0.002483362, 0.003882634, 0.006643785, 0.001077115
918, 0.002077187, 0.004368766, 0.004668263, 0.003301216, 0.006239751, 0.001574249, 0.005633988
919, 0.003125722, 0.008726385, 0.006464826,    4.47E-04, 0.001201451, 0.006628159,    4.56E-05
920, 0.005562194, 0.002080798, 0.002697512, 0.005537886, 0.004241775, 0.001825665, 0.009840826
921,  0.00547399, 0.002342035, 0.004685026, 0.006209663, 0.004193295,    9.39E-04,    4.45E-04
922, 0.003121163,    1.03E-04,    2.06E-04, 0.007464292,    8.99E-04, 0.007504492, 0.005080513
923, 0.006372298, 0.009654016, 0.004787207, 0.003480655,  0.00595289, 0.002996197, 0.004360561
924, 0.002082788, 0.005816973,  0.00274609,  0.00981576, 0.003011391,    1.38E-04, 0.001790574
925, 0.007503355, 0.007182872, 0.002935876,    4.29E-04, 0.002962066, 0.006499094, 0.008190941
926, 0.008780955, 0.007449511, 0.007604655,  0.00739265, 0.004120154, 0.006202328, 0.004501964
927, 0.003063958, 0.007378844, 0.007992664, 0.005960658, 0.009250579, 0.007467136,  0.00504993
928, 0.006363048, 0.009008761, 0.005557041, 0.003481177, 0.005394832, 0.004517682, 0.004020293
929, 0.006950422, 0.002820378, 0.007601234, 0.006323102,    5.67E-04, 0.009474497, 0.007164579
930, 0.004854453, 0.007682468, 0.004557662, 0.005334158, 0.003400914, 0.009618805, 0.002339237
931, 0.005935455, 0.009779716, 0.007210101, 0.008453342, 0.007351083, 0.002003226, 0.003501244
932, 0.007114568, 0.006772423,  0.00827175, 0.008931581, 0.005785825, 0.004391263, 0.007077919
933, 0.003904731,  0.00309819, 0.004173603, 0.008754759,  0.00877017, 0.009152705, 0.002515958
934, 0.003910862, 0.007931983, 0.004726633, 0.007305232, 0.007369911, 0.003052139, 0.007361788
935, 0.007686425, 0.008468129,    1.30E-04, 0.007830109, 0.009188113, 0.009862062, 0.006617324
936,    5.17E-05, 0.009763906, 0.007360423, 0.007665486,  0.00118339, 0.009778715, 0.002717572
937,  0.00510753, 0.006300096, 0.003001924, 0.009812498, 0.008837221, 0.003860514, 0.006265242
938, 0.002186042,  0.00787811, 0.003976675, 0.002601198, 0.006520398, 0.007623171, 0.001401137
939, 0.006398982,  0.00231876,    4.78E-04, 0.009099824, 0.009397501, 0.002779329, 0.009455177
940, 0.006296348, 0.003181244, 0.005656697, 0.008143686, 0.006953697, 0.007252755, 0.005764975
941, 0.005918016,    8.02E-04, 0.001726193, 0.002700845, 0.004251937, 0.009224134,    2.20E-04
942, 0.008351058, 0.008567657, 0.002585608, 0.001619914, 0.008797712,    1.77E-04, 0.003911053
943, 0.009050392, 0.004345981, 0.004564092, 0.006219949,    5.96E-04, 0.009572802, 0.005499635
944, 0.007275135, 0.009118985, 0.002531338, 0.009314047, 0.006022288, 0.007847941, 0.008544873
945,    5.22E-06, 0.009576627, 0.004328879, 0.009385125, 0.003818908, 0.008255939, 0.007798778
946, 0.003053792, 0.001430322, 0.008864069, 0.004074774, 0.002872451, 0.006923146, 0.003196634
947, 0.007648073, 0.007134809, 0.005388859, 0.009570764, 0.002829809, 0.002186566, 0.005158573
948,    7.33E-05,  0.00451677, 0.002472047,  0.00643165, 0.005176797, 0.004428142,    8.23E-04
949, 0.005379738,    3.91E-04,    5.10E-04, 0.001064032,  0.00168188, 0.006694417, 0.005613278
950,   2.0708723,    3.930619, 0.007642155, 0.006518897,   3.9417596,    9.92E-04,    3.917943
951,   1.9898437,   4.0202518,    2.24E-04,  0.00391931,    4.008556, 0.007118298,    3.946385
952,   1.9837035,   3.9070654, 0.008322747, 0.004370512,     4.06083, 0.009113494,   4.0240817
953,   1.9754399,    3.974831, 0.008751732, 0.009657254,   4.0777507, 0.009416086,   3.9317272
954,    1.910749,   3.9525847, 0.003533179,    8.86E-04,   4.0795813, 0.008923792,   3.9194942
955,    2.045349,   3.9026716, 0.003963416, 0.005279692,   3.9918804, 0.005533713,   4.0246987
956,   1.9834641,    4.044908, 0.009859518, 0.003125061,   3.9590368,    4.02E-04,    4.024676
957,   1.9556906,   3.9331686, 0.002031348, 0.001043947,    3.976951, 0.004568266,    4.024298
958,   1.9503635,   3.9953547, 0.003777708, 0.004470354,   4.0349293, 0.006825505,   3.9587717
959,     1.96258,   3.9524295, 0.007855882, 0.008094031,   3.9141917, 0.004171169,    3.907161
960,  0.00659328, 0.007185098,  0.00624171,    6.39E-04, 0.009314506, 0.004587954,  0.00997464
961, 0.003837785, 0.003253369,  0.00668002, 0.006774156, 0.001283133, 0.001339125,    4.70E-04
962, 0.007192743,    9.58E-04,  0.00880112, 0.006439695,    9.97E-04, 0.003651928, 0.001352964
963, 0.003733203,  0.00147834, 0.001480206, 0.005613377,  0.00609773, 0.001375713, 0.004052685
964,    8.25E-04, 0.007704256, 0.002175554, 0.009476267, 0.003639975, 0.007000496, 0.002072705
965, 0.008455379, 0.004500088, 0.002348826,    3.99E-04, 0.002373765, 0.004986538, 0.005358718
966, 0.007951326,    4.33E-04,    3.85E-04, 0.006544136, 0.003317928, 0.006671946,    6.88E-04
967, 0.003219515, 0.005044905, 0.005015852, 0.006250505,  0.00139367, 0.008275686, 0.009360664
968, 0.001429454, 0.001829175, 0.002363974, 0.006162693,    6.36E-04, 0.005405446, 0.002881322
969, 0.008985639, 0.006475763, 0.004456996, 0.007427697, 0.008031452, 0.008889849, 0.004853996
970,  0.00970213, 0.002805644, 0.007561719, 0.008250499,    4.02E-04, 0.002757407, 0.007228809
971,  0.00514639,  0.00669235, 0.008986918, 0.007006578, 0.007192319, 0.004226345, 0.009926602
972,    3.43E-04, 0.001512581, 0.006990052, 0.005280126, 0.001807191,    7.29E-04,    6.15E-04
973, 0.005442317,    5.45E-04, 0.009840421, 0.004215103, 0.008125168, 0.007968714, 0.005142709
974,  0.00430797, 0.009979549, 0.008970352,    9.76E-04, 0.001901063, 0.008629168, 0.001830577
975, 0.007234033,    4.69E-04, 0.009722831, 0.001841254, 0.004307067, 0.008193787, 0.004362938
976, 0.007645493, 0.002389765,  0.00259302, 0.004582672, 0.007302607,  0.00895753,  0.00944958
977, 0.008421233, 0.003169332, 0.001602399,    8.26E-04,  0.00158596,    8.31E-04, 0.003400555
978, 0.008865682, 0.009692121, 0.007519677, 0.004513796, 0.003067049, 0.003635618, 0.009729933
979, 0.006823345, 0.008775931,    7.81E-04, 0.008060864, 0.008052622, 0.003738767, 0.006334844
980,   0.0097207, 0.008056273, 0.007744394, 0.002532943, 0.005573328, 0.002735972, 0.007612811
981, 0.008071234, 0.009129646,    3.89E-04, 0.006089779, 0.006603595, 0.009465059,  0.00120549
982, 0.008567254, 0.001056103, 0.008687195,  0.00309502, 0.005973448,    1.58E-05, 0.007282991
983, 0.006068292, 0.005662658, 0.003514325, 0.007441914, 0.002980492, 0.004683849, 0.008155127
984, 0.005282118, 0.006613027, 0.001418256, 0.005719992, 0.007798933, 0.001785085,  0.00225016
985, 0.005145652, 0.009310179, 0.006471353, 0.009671267, 0.005073216, 0.005190331, 0.007747746
986, 0.007017979, 0.003051371, 0.007765695, 0.006795177, 0.002902162, 0.007913376,    3.85E-04
987, 0.002162127, 0.005319852, 0.003849892,    8.87E-04, 0.002019943, 0.001408664, 0.008264133
988, 0.004947797, 0.004240532, 0.003873476,    6.23E-04, 0.003131367, 0.007784297, 0.009211343
989, 0.006205512, 0.002849847,    1.07E-04,  0.00604036, 0.006908138, 0.007898183, 0.003076439
990, 0.004073566, 0.001068386, 0.003747709, 0.004239006, 0.005577786, 0.005660847,   0.0063604
991, 0.001177465, 0.001518654, 0.007146643,  0.00592932, 0.004180646,  0.00401686, 0.001765503
992, 0.004655675, 0.006472025, 0.005227038,  0.00212238, 0.009440471,  0.00184334,    2.99E-04
993, 0.004547645, 0.006198835, 0.006696599, 0.008696237,    8.99E-04, 0.002397646, 0.007218649
994, 0.003807011, 0.009228414, 0.008372218, 0.002695711,  0.00554646,    4.04E-05, 0.005995313
995, 0.002820951, 0.004413535, 0.008768014, 0.005351882,    2.56E-04, 0.008354653,    5.03E-04
996, 0.006215496, 0.009681138, 0.005696401,    4.33E-05, 0.001327482, 0.001091178, 0.008399803
997, 0.008870356, 0.002747418, 0.008211539,  0.00993697,    8.05E-04,    8.74E-04,  0.00254004
998,  0.00120231, 0.009770541, 0.008125053, 0.009762354, 0.006044318, 0.006358001, 0.005730615
999, 0.008061424,  0.00524023, 0.004681997, 0.002590371, 0.007189948, 0.004034738, 0.007416145
